,year,rank,index,영화명,개봉일,매출액,누적매출액,관객수,누적관객수,스크린수,상영횟수,대표국적,제작사,배급사,등급,장르,감독,배우,평점
0,2016,1,600,부산행,2016-07-20,93178283048,93178283048,11565479,11565479,1788,151315,한국,(주)영화사레드피터,(주)넥스트엔터테인먼트월드(NEW),15세이상관람가,"액션,스릴러",연상호,"공유,김정희,정유미,김율호,마동석,최우식,안소희,김의성,김수안,박민우,박민혁,임종훈,박종관,장문성,박혜진,손지훈,손지훈,연상호,조춘호,지동현,윤미중,이동하,이윤상,최창수,편준의,허성우,황유경,최용훈,김근영,이주실,예수정,김대현,한지은",7.99
1,2016,2,601,검사외전,2016-02-03,77320403264,77320403264,9707581,9707581,1812,153532,한국,"(주)영화사 월광,(주)사나이픽처스",(주)쇼박스,15세이상관람가,"범죄,코미디",이일형,"황정민,강동원,이성민,박성웅,김응수,신소율,주진모,김원해,김홍파,김병옥,박종환,전배수,박지환,손종학,신혜선,김시은,김종수,한재영,박지환,박종우,박지홍,송승현,윤석민,이규호,이석준,이선주,이승민,이승우,이승준,이승훈,이승훈,최현준,김영,이정은",7.94
2,2016,3,602,캡틴 아메리카: 시빌 워,2016-04-27,72672111827,72672111827,8677249,8677249,1991,161696,미국,,월트디즈니컴퍼니코리아(주),12세이상관람가,"액션,SF,스릴러","안소니 루소,조 루소","크리스 에반스,로버트 다우니 주니어,스칼렛 요한슨,세바스찬 스탠,안소니 마키,돈 치들,제레미 레너,톰 홀랜드",8.67
3,2016,4,603,밀정,2016-09-07,61269783831,61269783831,7500420,7500420,1444,138161,한국,"(주)다크서클픽쳐스,워너브러더스 코리아(주),(주)영화사하얼빈",워너브러더스 코리아(주),15세이상관람가,액션,김지운,"송강호,공유,한지민,츠루미 신고,엄태구,신성록,서영주,박민우,이진한,이진한,임서영,임서영,전수빈,정유안,조권수,조윤담,이동진,이상희,이수광,이승진,하민,노준표,김정우,김태준,고준,오하늬,원진아,전여빈",8.42
4,2016,5,604,터널,2016-08-10,57529484417,57529484417,7120508,7120508,1105,113201,한국,"(주)어나더썬데이,(주)비에이엔터테인먼트",(주)쇼박스,12세이상관람가,드라마,김성훈,"하정우,배두나,오달수,김종수,임한빈,정민희,송민석,윤성민,이동진,이상희,최춘범,권승구,진용욱,이한서,예수정,서현우",9.17
5,2016,6,605,인천상륙작전,2016-07-27,55101410303,55101410303,7049643,7049643,1049,97019,한국,(주)태원엔터테인먼트,씨제이이앤엠(주),12세이상관람가,"전쟁,드라마",이재한,"김정철,이정재,이범수,리암 니슨,진세연,정준호,박철민,김병옥,김선아,김영애,박성웅,추성훈,황석하,이창세,박정원,박현선,션 리차드,이유진,한비,김희진,진용욱",8.02
7,2016,8,607,곡성,2016-05-12,55863520382,55863520382,6879908,6879908,1485,130322,한국,"(주)사이드미러,이십세기폭스 인터내셔널 프로덕션",이십세기폭스코리아(주),15세이상관람가,"미스터리,스릴러,드라마",나홍진,"곽도원,황정민,쿠니무라 준,천우희,김환희,허진,장소연,김도윤,손강국,전배수,황석정,배용근,배용근,이인철,이용녀,선호삼,송민석,신재현,안수연,이선희,이수빈,이수진,권귀덕,이연,이연경,이연경,백승철,이정은",7.61
8,2016,9,608,덕혜옹주,2016-08-03,44393828109,44393828109,5599229,5599229,964,97312,한국,"(주)하이브미디어코프,(주)영화사호필름 ,(주)디씨지플러스",롯데쇼핑㈜롯데엔터테인먼트,12세이상관람가,"사극,드라마",허진호,"손예진,박해일,윤제문,라미란,정상훈,박수영,김소현,박주미,안내상,김재욱,김인우,백윤식,김대명,김정희,박윤식,박지수,박혜영,송민수,송창현,신동주,오세영,이경훈,이명규,이상진,이승진,최영빈,최일순,최정순,한동훈,함성원,홍은지,김무규,김기정,차지원",8.35
9,2016,10,609,닥터 스트레인지,2016-10-26,47481830396,47481830396,5446239,5446239,1503,162856,미국,,월트디즈니컴퍼니코리아(주),12세이상관람가,"액션,어드벤처,판타지",스콧 데릭슨,"베네딕트 컴버배치,레이첼 맥아담스,틸다 스윈튼,매즈 미켈슨,치웨텔 에지오포,스콧 앳킨스,마이클 스털버그,베네딕트 왕",8.71
11,2016,12,611,주토피아,2016-02-17,37096057742,37096057742,4706158,4706158,735,131005,미국,,월트디즈니컴퍼니코리아(주),전체관람가,"애니메이션,액션,어드벤처","바이론 하워드,리치 무어","지니퍼 굿윈,제이슨 베이트먼,샤키라",9.35
12,2016,13,612,신비한 동물사전,2016-11-16,39300515858,39300515858,4662534,4662534,1431,115676,미국,,워너브러더스 코리아(주),12세이상관람가,"어드벤처,가족,판타지",데이빗 예이츠,"에디 레드메인,콜린 파렐,캐서린 워터스턴,앨리슨 수돌,댄 포글러,사만다 모튼,젠 머레이",9.55
14,2016,15,614,아가씨,2016-06-01,35211229991,35211229991,4287839,4287839,1171,90365,한국,"유한회사 아가씨에프에스,(주)모호필름,(주)용필름",씨제이이앤엠(주),청소년관람불가,"스릴러,드라마",박찬욱,"김민희,김태리,하정우,조진웅,김해숙,문소리,최병모,김인우,이용녀,조은형,장한순,이규정,이승준,이윤재,김시은",7.67
15,2016,16,615,쿵푸팬더3,2016-01-28,31340798156,31340798156,3984812,3984812,1365,97404,미국,드림웍스 애니메이션,씨제이이앤엠(주),전체관람가,"애니메이션,액션,어드벤처","여인영,알레산드로 칼로니","잭 블랙,안젤리나 졸리,더스틴 호프만,성룡,세스 로건,루시 리우,데이빗 크로스,J.K. 시몬스",8.62
16,2016,17,616,귀향,2016-02-24,27249738990,27249738990,3587173,3587173,876,90286,한국,주식회사 제이오엔터테인먼트코리아,(주)와우픽쳐스,15세이상관람가,드라마,조정래,"손숙,강하나,서미지,최리,정인기,오지혜,김시은,이채현,임성철,임혜영,박주현,박지희,박진경,장현익,정광윤,정부경,정승현,안재성,이경훈,이민영,이선희,이수현,이승현,이여원,김완기,김은나,정무성,류신",7.85
17,2016,18,617,데드풀,2016-02-17,27595618651,27595618651,3317196,3317196,1036,82521,미국,,이십세기폭스코리아(주),청소년관람불가,"액션,SF",팀 밀러,"라이언 레이놀즈,모레나 바카린,에드 스크레인,지나 카라노,T.J. 밀러,브리아나 힐데브란드",8.7
18,2016,19,618,나우 유 씨 미 2,2016-07-13,25116690113,25116690113,3100113,3100113,1200,56981,미국,,롯데쇼핑㈜롯데엔터테인먼트,12세이상관람가,"범죄,액션",존 추,"제시 아이젠버그,마크 러팔로,우디 해럴슨,데이브 프랑코,다니엘 래드클리프,리지 캐플란,주걸륜,마이클 케인,모건 프리먼",8.31
20,2016,21,620,엑스맨: 아포칼립스,2016-05-25,24467887950,24467887950,2938818,2938818,1262,66471,미국,,이십세기폭스코리아(주),12세이상관람가,"액션,어드벤처,판타지,SF",브라이언 싱어,"제임스 맥어보이,마이클 패스벤더,제니퍼 로렌스,오스카 아이삭,니콜라스 홀트,로즈 번,타이 쉐리던,소피 터너,올리비아 문,루카스 틸",8.2
21,2016,22,621,미스 페레그린과 이상한 아이들의 집,2016-09-28,21841214586,21841214586,2718158,2718158,904,70451,미국,,이십세기폭스코리아(주),12세이상관람가,"미스터리,판타지",팀 버튼,"에바 그린,사무엘 L. 잭슨,아사 버터필드,앨리슨 제니,킴 디킨스,주디 덴치,크리스 오다우드",8.45
23,2016,24,623,제이슨 본,2016-07-27,21253434663,21253434663,2611966,2611966,827,39806,미국,,유니버설픽쳐스인터내셔널 코리아(유),15세이상관람가,"액션,스릴러",폴 그린그래스,"맷 데이먼,줄리아 스타일즈,토미 리 존스,뱅상 카셀,알리시아 비칸데르",8.39
24,2016,25,624,도리를 찾아서,2016-07-06,20703899933,20703899933,2601734,2601734,1091,55110,미국,,월트디즈니컴퍼니코리아(주),전체관람가,"애니메이션,어드벤처,코미디",앤드류 스탠튼,"엘렌 드제너스,알버트 브룩스,다이안 키튼",8.52
25,2016,26,625,아수라,2016-09-28,20576226662,20576226662,2594028,2594028,1278,68040,한국,(주)사나이픽처스,씨제이이앤엠(주),청소년관람불가,"범죄,액션",김성수,"정우성,김현빈,황정민,주지훈,곽도원,정만식,김원해,김종수,김해곤,윤지혜,오연아,윤제문,이종성,장근영,박지환,손영진,양영일,유정호,윤성민,이가경,이광기,이상민,채성원,김남조,노남석,박갑진",10.0
26,2016,27,626,정글북,2016-06-09,21517647134,21517647134,2537438,2537438,924,59041,미국,,월트디즈니컴퍼니코리아(주),12세이상관람가,"어드벤처,드라마",존 파브로,"닐 세티,빌 머레이,스칼렛 요한슨,벤 킹슬리,이드리스 엘바,루피타 뇽,크리스토퍼 월켄,지안카를로 에스포지토",7.34
27,2016,28,627,마이펫의 이중생활,2016-08-03,19406436655,19406436655,2520670,2520670,726,39653,미국,,유니버설픽쳐스인터내셔널 코리아(유),전체관람가,"애니메이션,코미디,가족",크리스 리노드,"스티브 쿠건,엘리 켐퍼,레이크 벨,데이너 카비,케빈 하트",10.0
28,2016,29,628,라라랜드,2016-12-07,19996139232,19996139232,2385108,2385108,727,56408,미국,,판씨네마(주),12세이상관람가,"드라마,뮤지컬,멜로/로맨스",데이미언 셔젤,"엠마 스톤,라이언 고슬링,핀 위트록,J.K. 시몬스,로즈마리 드윗",8.59
29,2016,30,629,배트맨 대 슈퍼맨: 저스티스의 시작,2016-03-24,18906246428,18906246428,2256913,2256913,1709,95669,미국,,워너브러더스 코리아(주),12세이상관람가,"액션,어드벤처,판타지",잭 스나이더,"헨리 카빌,벤 애플렉,에이미 아담스,로렌스 피쉬번,제시 아이젠버그,제레미 아이언스,홀리 헌터,갤 가돗",6.85
30,2016,31,630,굿바이 싱글,2016-06-29,16912706195,16912706195,2108273,2108273,841,56380,한국,"호두앤유 엔터테인먼트(주),(주)영화사람",(주)쇼박스,15세이상관람가,"코미디,드라마",김태곤,"김혜수,마동석,김현수,김용건,서현진,곽시양,전석호,이미도,이성민,황미영,이형미,박지영,정준화,유성진,윤환,이수경,최문석,홍민희,김근영,안재홍,황승언,김고은,목규리,이선빈",8.09
31,2016,32,631,봉이 김선달,2016-07-06,16227052642,16227052642,2051277,2051277,942,51418,한국,"(주)엠픽처스,(주)에스엔케이픽처스",씨제이이앤엠(주),12세이상관람가,사극,박대민,"유승호,조재현,고창석,라미란,시우민,연우진,전석호,서예지,주영호,박예슬,박상현,박진성,유일한,이선희,이규형",7.71
32,2016,33,632,레버넌트: 죽음에서 돌아온 자,2016-01-14,16107360130,16111327130,2007188,2007665,967,55063,미국,,이십세기폭스코리아(주),15세이상관람가,"어드벤처,드라마",알레한드로 곤잘레스 이냐리투,"레오나르도 디카프리오,톰 하디",7.82
33,2016,34,633,컨저링 2,2016-06-09,15759374229,15759374229,1928605,1928605,640,45816,미국,,워너브러더스 코리아(주),15세이상관람가,공포(호러),제임스 완,"베라 파미가,패트릭 윌슨,프란카 포텐테,프란시스 오코너,스털링 제린스",8.23
34,2016,35,634,내부자들: 디 오리지널,2015-12-31,15742927260,16979714975,1924720,2084868,838,45697,한국,(유)내부자들 문화전문회사,(주)쇼박스,청소년관람불가,"범죄,드라마",우민호,"신지수,이병헌,조승우,백윤식,이경영,김홍파,배성우,조재윤,김대명,조우진,이엘,정만식,김병옥,박진우,남일우,김의성,손종학,조덕제,유재명",9.04
35,2016,36,635,수어사이드 스쿼드,2016-08-03,15874111188,15874111188,1898220,1898220,823,29512,미국,,워너브러더스 코리아(주),15세이상관람가,액션,데이비드 에이어,"윌 스미스,자레드 레토,마고 로비,스콧 이스트우드,카라 델러비인,제이 코트니,조엘 킨나만,비올라 데이비스,제이 헤르난데즈,애덤 비치,카렌 후쿠하라,커먼,벤 애플렉",6.81
36,2016,37,636,인디펜던스 데이 : 리써전스,2016-06-22,12770879840,12770879840,1500830,1500830,926,47432,미국,,이십세기폭스코리아(주),12세이상관람가,"액션,어드벤처,SF",롤랜드 에머리히,"빌 풀만,리암 헴스워스,제프 골드블럼,비비카 A. 폭스,제시 어셔",7.27
37,2016,38,637,탐정 홍길동: 사라진 마을,2016-05-04,11516170845,11516170845,1430885,1430885,764,41076,한국,(주)영화사비단길,씨제이이앤엠(주),15세이상관람가,"드라마,액션",조성희,"이제훈,김성균,박근형,정성화,고아라,노정의,김하나,유승목,박정원,박지훈,오현암,유정래,윤상훈,이민아,이민지,이상희,정준용,김하나",7.74
38,2016,39,638,벤허,2016-09-14,11410860395,11410860395,1400301,1400301,717,38941,미국,,롯데쇼핑㈜롯데엔터테인먼트,12세이상관람가,"어드벤처,드라마",티무르 베크맘베토브,"잭 휴스턴,토비 켑벨,모건 프리먼,로드리고 산토로,할룩 빌기너,요한 필리프 아스베크,모이세스 아리아스,아예렛 주러,소피아 블랙 디엘리아,제임스 코스모,다토 바크하제,자레스 J. 메즈",8.26
39,2016,40,639,굿 다이노,2016-01-07,9756167238,9766629238,1328913,1330183,814,33127,미국,,월트디즈니컴퍼니코리아(주),전체관람가,"애니메이션,어드벤처,코미디",피터 손,,8.78
40,2016,41,640,셜록: 유령신부,2016-01-02,9992425049,9992425049,1278894,1278894,891,32683,영국,,메가박스중앙(주)플러스엠,12세이상관람가,"범죄,드라마",더글라스 맥키넌,"베네딕트 컴버배치,마틴 프리먼",7.15
41,2016,42,641,특별수사: 사형수의 편지,2016-06-16,9929947065,9929947065,1241899,1241899,691,39372,한국,(주)콘텐츠케이,(주)넥스트엔터테인먼트월드(NEW),15세이상관람가,"범죄,드라마",권종관,"김명민,김상호,성동일,김영애,김향기,김뢰하,박수영,박혁권,최병모,오민석,이지훈,박지환,신구,이한위,이문식,김명국,정택호,차상민,이성욱,이승훈",8.3
42,2016,43,642,시간이탈자,2016-04-13,9731838195,9731838195,1202384,1202384,733,55075,한국,"씨제이이앤엠(주),상상필름(주)",씨제이이앤엠(주),15세이상관람가,스릴러,곽재용,"임수정,조정석,이진욱,정진영,이기우,온주완,전신환,이태리,김보라,임예진,정웅인,박준규,남태부,차은재,박지원,박소영,백준혁,조민영,신지수,이동희,이성준,이영민,김수영,이봄",7.11
43,2016,44,643,동주,2016-02-17,8889077089,8889077089,1172641,1172641,543,39958,한국,(주) 루스이소니도스,메가박스중앙(주)플러스엠,12세이상관람가,드라마,이준익,"강하늘,박정민,김인우,최홍일,김정팔,최희서,신윤주,문성근,최종률,전재형,정운봉,이선주,허욱진,최정헌,윤정일",9.36
44,2016,45,644,워크래프트: 전쟁의 서막,2016-06-09,10142271205,10142271205,1163274,1163274,736,34087,미국,,유니버설픽쳐스인터내셔널 코리아(유),12세이상관람가,"액션,어드벤처,판타지",던칸 존스,"트래비스 핌멜,벤 포스터,폴라 패튼,도미닉 쿠퍼,클랜시 브라운,토비 켑벨",8.67
45,2016,46,645,스타트렉 비욘드,2016-08-17,10190375820,10190375820,1157156,1157156,716,38199,미국,,롯데쇼핑㈜롯데엔터테인먼트,12세이상관람가,"액션,SF",저스틴 린,"크리스 파인,사이먼 페그,조 샐다나,재커리 퀸토,칼 어번,안톤 옐친,존 조,이드리스 엘바,소피아 부텔라",8.21
46,2016,47,646,미씽: 사라진 여자,2016-11-30,8881616256,8881616256,1153109,1153109,790,40617,한국,다이스필름(주),메가박스중앙(주)플러스엠,15세이상관람가,미스터리,이언희,"서하늬,엄지원,공효진,강태수,김광호,김석태,김용철,김해일,서인덕,안재만,고준,김선영,홍성덕",8.37
47,2016,48,647,"당신, 거기 있어줄래요",2016-12-14,8999085248,8999085248,1124815,1124815,767,39181,한국,(주)수필름,롯데쇼핑㈜롯데엔터테인먼트,12세이상관람가,"판타지,드라마",홍지영,"김윤석,변요한,채서진,김상호,안세하,박혜수,김호정,한한나,이유미,윤진영,전준영",8.69
48,2016,49,648,라이트 아웃,2016-08-24,8893059975,8893059975,1111284,1111284,659,34444,미국,,워너브러더스 코리아(주),15세이상관람가,공포(호러),데이비드 F. 샌드버그,"테레사 팔머,알리시아 벨라 베일리,가브리엘 베이트먼,알렉산더 디퍼시아",7.37
49,2016,50,649,오빠생각,2016-01-21,8060591287,8060591287,1069864,1069864,855,44801,한국,(주)조이래빗,(주)넥스트엔터테인먼트월드(NEW),12세이상관람가,"드라마,전쟁",이한,"김현빈,임시완,고아성,이희준,이준혁,정준원,이레,김영재,임윤경,정대웅,정병두,정세훈,이건하,이성욱,이승빈,이승준,이연화,홍동영,홍솔,강현구,정준용,탕준상,김대현,여윤호,이현정",9.0
50,2016,51,650,"날, 보러와요",2016-04-07,8836144063,8836144063,1063442,1063442,683,49237,한국,"영화사올(주),(주)발렌타인필름",메가박스중앙(주)플러스엠,청소년관람불가,"미스터리,스릴러",이철하,"강예원,이상윤,최진호,지대한,김종수,이학주,장태성,유건,길해연,조재윤,이형석,박송해,정경일,안용우,안지혜,안지혜,최낙영,이규호,이상백,이승진,김호원,황성준",7.25
51,2016,52,651,씽,2016-12-21,8203857789,8203857789,1063175,1063175,795,19645,미국,,유니버설픽쳐스인터내셔널 코리아(유),전체관람가,"애니메이션,뮤지컬",가스 제닝스,"매튜 매커너히,리즈 위더스푼,스칼렛 요한슨,태런 에저튼,세스 맥팔레인",5.0
52,2016,53,652,맨 인 더 다크,2016-10-05,8480368672,8480368672,1003406,1003406,671,40136,미국,,유니버설픽쳐스인터내셔널 코리아(유),청소년관람불가,스릴러,페드 알바레즈,"제인 레비,딜런 미네트,스티븐 랭,다니엘 조바토",7.94
53,2016,54,653,"고산자, 대동여지도",2016-09-07,7801007258,7801007258,974262,974262,765,38048,한국,(주)시네마서비스,씨제이이앤엠(주),전체관람가,사극,강우석,"김율호,차승원,유준상,김인권,남지현,신동미,남경읍,태인호,공형진,김종수,이형길,임경욱,박선용,상훈,박정호,박진영,백동현,송민석,송원종,양해길,양희정,전수정,전호근,정명수,정봉연,정진근,노경섭,윤성민,윤준호,이덕형,이문형,이성원,이수민,이승철,이윤상,지동주,지현준,최은식,최한기,한명철,홍광표,홍대영,노남석,정준용,김기정,오희준",7.22
54,2016,55,654,미 비포 유,2016-06-01,7663772990,7663772990,945172,945172,481,28458,미국,,워너브러더스 코리아(주),12세이상관람가,"멜로/로맨스,드라마",테아 샤록,"에밀리아 클라크,샘 클라플린,매튜 루이스",8.49
55,2016,56,655,매그니피센트 7,2016-09-14,7633490421,7633490421,921317,921317,579,27648,미국,,유니버설픽쳐스인터내셔널 코리아(유),15세이상관람가,"액션,서부극(웨스턴)",안톤 후쿠아,"덴젤 워싱턴,크리스 프랫,이병헌,에단 호크,맷 보머,빈센트 도노프리오,해일리 베넷,캠 지갠뎃",7.92
56,2016,57,656,갓 오브 이집트,2016-03-03,7621291624,7621291624,919834,919834,618,35323,미국,,"(주)시네마서비스,(주)나이너스엔터테인먼트",12세이상관람가,"어드벤처,판타지",알렉스 프로야스,"제라드 버틀러,니콜라이 코스터 왈도,코트니 이튼,브렌튼 스웨이츠,애비 리",7.36
57,2016,58,657,레전드 오브 타잔,2016-06-29,7196970717,7196970717,858402,858402,593,28021,미국,,워너브러더스 코리아(주),12세이상관람가,"액션,어드벤처",데이빗 예이츠,"알렉산더 스카스가드,마고 로비,크리스토프 왈츠,사무엘 L. 잭슨,디몬 하운수,존 허트,짐 브로드벤트",7.65
58,2016,59,658,좋아해줘,2016-02-17,6572774337,6572774337,848148,848148,637,27125,한국,"리양필름(주),(주)제이케이필름",씨제이이앤엠(주),12세이상관람가,"멜로/로맨스,코미디",박현진,"이미연,최지우,김주혁,유아인,강하늘,이솜,하석진,지윤호,한재영,선주아,이춘우,이한승,이현서,장원진,전호성,송창현,이서연,이성진,이승연,이정은",8.22
59,2016,60,659,브리짓 존스의 베이비,2016-09-28,6678585874,6678585874,820995,820995,509,30736,미국,,유니버설픽쳐스인터내셔널 코리아(유),15세이상관람가,"코미디,멜로/로맨스",샤론 맥과이어,"르네 젤위거,콜린 퍼스,패트릭 뎀시",8.84
61,2016,62,661,런던 해즈 폴른,2016-03-10,5908367979,5908367979,731584,731584,526,37569,미국,,메가박스중앙(주)플러스엠,15세이상관람가,"액션,범죄,스릴러",바박 나자피,"제라드 버틀러,아론 에크하트,모건 프리먼,안젤라 바셋",7.36
62,2016,63,662,국가대표 2,2016-08-10,5482232042,5482232042,709929,709929,562,20689,한국,케이엠컬쳐㈜,메가박스중앙(주)플러스엠,12세이상관람가,드라마,김종현,"수애,오달수,오연서,하재숙,김슬기,김예원,진지희,임진영,박진하,전송이,방추성,백상훈,서은정,조규영,안승호,조수지,조희윤,이경선,이민지,이선미,이영화,함지후,곽지유",8.67
64,2016,65,664,앵그리버드 더 무비,2016-05-19,5218111744,5218111744,680606,680606,661,15812,미국,,유니버설픽쳐스인터내셔널 코리아(유),전체관람가,애니메이션,"퍼갈 레일리,클레이 케이티스",,8.2
65,2016,66,665,그날의 분위기,2016-01-14,5149571612,5149571612,653287,653287,592,27186,한국,영화사 문(주),(주)쇼박스,15세이상관람가,멜로/로맨스,조규장,"김정희,문채원,유연석,조재윤,김슬기,이해영,이연두,박민우,이창해,인교진,임영,박태영,정경옥,박호진,정라엘,서정희,오형근,이범희,이은정,이정은",6.5
67,2016,68,667,널 기다리며,2016-03-10,5234303336,5234303336,635235,635235,551,33774,한국,"(주)영화사수작,주식회사 모티브랩,(주)디씨지플러스",(주)넥스트엔터테인먼트월드(NEW),청소년관람불가,스릴러,모홍진,"심은경,윤제문,김성오,오태경,정해균,안재홍,김원해,지대한,이호열,장준현,정재숙,정진혁,조제웅,유경훈,이동혁",7.59
68,2016,69,668,설리: 허드슨강의 기적,2016-09-28,5234170754,5234170754,627102,627102,573,26609,미국,,워너브러더스 코리아(주),12세이상관람가,드라마,클린트 이스트우드,"톰 행크스,아론 에크하트,로라 린니",9.14
69,2016,70,669,잭 리처: 네버 고 백,2016-11-30,4638072258,4638072258,611097,611097,667,23659,미국,,롯데쇼핑㈜롯데엔터테인먼트,15세이상관람가,"액션,범죄,드라마",에드워드 즈윅,"톰 크루즈,코비 스멀더스,로버트 네퍼,알디스 호지,제이슨 더글러스,다니카 야로쉬,홀트 맥칼라니",7.14
70,2016,71,670,로그 원: 스타워즈 스토리,2016-12-28,5127537094,5127537094,596487,596487,907,15441,미국,,월트디즈니컴퍼니코리아 유한책임회사,12세이상관람가,"액션,어드벤처,판타지,SF",가렛 에드워즈,"펠리시티 존스,디에고 루나,매즈 미켈슨,리즈 아메드,포레스트 휘테커,견자단,알란 터딕,강문",8.45
71,2016,72,671,싱 스트리트,2016-05-19,4489637672,4489637672,560790,560790,494,22825,아일랜드,,(주)이수C&E,15세이상관람가,"드라마,멜로/로맨스",존 카니,"퍼디아 월시-필로,루시 보인턴,잭 레이너",9.02
72,2016,73,672,아이스 에이지: 지구 대충돌,2016-07-20,4092484600,4092484600,553760,553760,580,13018,미국,,이십세기폭스코리아(주),전체관람가,"애니메이션,어드벤처,코미디",마이크 트메이어,"존 레귀자모,레이 로마노,제니퍼 로페즈,아담 드바인,제시 타일러 퍼거슨,사이먼 페그,멜리사 로치",8.2
73,2016,74,673,몬스터 호텔 2,2015-12-24,4059258691,11088271276,552334,1515104,637,13162,미국,,유니버설픽쳐스인터내셔널 코리아(유),전체관람가,애니메이션,젠디 타타코브스키,"아담 샌들러,셀레나 고메즈,케빈 제임스,스티브 부세미",8.59
74,2016,75,674,메카닉: 리크루트,2016-08-31,4458200800,4458200800,551897,551897,320,17497,미국,,(주)제이앤씨미디어그룹,15세이상관람가,"액션,범죄,스릴러",데니스 간젤,"제이슨 스타뎀,제시카 알바,토미 리 존스,양자경",6.6
75,2016,76,675,고스트버스터즈,2016-08-25,4116570075,4116570075,515553,515553,511,18026,미국,,유니버설픽쳐스인터내셔널 코리아(유),12세이상관람가,"액션,코미디,SF",폴 페이그,"멜리사 맥카시,크리스 헴스워스,크리스틴 위그,케이트 맥키넌,레슬리 존스",10.0
76,2016,77,676,거울나라의 앨리스,2016-09-07,4145733267,4145733267,513202,513202,515,19585,미국,,월트디즈니컴퍼니코리아(주),12세이상관람가,"어드벤처,가족,판타지",제임스 보빈,"조니 뎁,앤 해서웨이,미아 와시코브스카,헬레나 본햄 카터,사챠 바론 코헨,알란 릭맨,마이클 쉰,앤드류 스캇",8.3
77,2016,78,677,가려진 시간,2016-11-16,3946462400,3946462400,510878,510878,884,30404,한국,(주)바른손이앤에이,(주)쇼박스,12세이상관람가,"드라마,판타지",엄태화,"강동원,신은수,이효제,김희원,권해효,김단율,정우진,엄태구,박종환,김동현,김예지,이영상,조슬예,고민우,오희준,김정영,안지호,박지후",8.45
78,2016,79,678,명탐정 코난: 순흑의 악몽,2016-08-03,3766157500,3766157500,508869,508869,447,7983,일본,,씨제이이앤엠(주),12세이상관람가,"애니메이션,미스터리,어드벤처",시즈노 코분,,8.98
79,2016,80,679,해어화,2016-04-13,3768200759,3768200759,485695,485695,572,32322,한국,더램프(주),롯데쇼핑㈜롯데엔터테인먼트,15세이상관람가,"사극,드라마",박흥식,"한효주,유연석,천우희,박성웅,장영남,이한위,류혜영,김수안,차지연,장인섭,박찬미,장희선,박효빈,송동규,송승환,양재준,천영암,이규정,이민준,이서연,이성우,이은주,최혁준,오하늬,김고은",8.01
80,2016,81,680,계춘할망,2016-05-19,3600794348,3600794348,482516,482516,526,19644,한국,"지오엔터테인먼트,(주)퍼플켓츠필름,(주)빅스토리픽쳐스",(주)콘텐츠 난다긴다,15세이상관람가,"가족,드라마",창,"윤여정,김고은,김희원,신은정,최민호,류준열,양익준,박민지,남태부,강경탁,안지혜,이상화,이슬비,이윤혁,신문성,오희준,김영철",8.78
81,2016,82,681,"로봇, 소리",2016-01-27,3519595560,3519595560,476665,476665,609,25502,한국,"(주)영화사 좋은날,(주)디씨지플러스",롯데쇼핑㈜롯데엔터테인먼트,12세이상관람가,드라마,이호재,"이성민,이희준,이하늬,김원해,채수빈,심은경,곽시양,이영진,이무생,남연우,전국환,류준열,박영수,이현석,박정민,박지훈,안광복,유민상,이상우,이승준,노소영,차순배",8.47
82,2016,83,682,스타워즈: 깨어난 포스,2015-12-17,4204317791,28353796331,470645,3273879,552,12801,미국,,월트디즈니컴퍼니코리아(주),12세이상관람가,"액션,어드벤처,판타지",J.J. 에이브럼스,"해리슨 포드,마크 해밀,캐리 피셔,사이먼 페그,오스카 아이삭,막스 본 시도우,도널 글리슨",1.0
83,2016,84,683,빅쇼트,2016-01-21,3622652707,3622652707,446712,446712,489,17316,미국,,롯데쇼핑㈜롯데엔터테인먼트,청소년관람불가,드라마,아담 맥케이,"크리스찬 베일,스티브 카렐,라이언 고슬링,브래드 피트",8.48
84,2016,85,684,헌츠맨: 윈터스 워,2016-04-13,3544262706,3544262706,445009,445009,557,25789,미국,,유니버설픽쳐스인터내셔널 코리아(유),12세이상관람가,"액션,어드벤처",세딕 니콜라스 트로얀,"크리스 헴스워스,샤를리즈 테론,에밀리 블런트,제시카 차스테인",7.62
86,2016,87,686,나의 소녀시대,2016-05-12,3314491150,3314491150,409537,409537,201,12404,대만,,오드,15세이상관람가,"멜로/로맨스,드라마",프랭키 첸,"송운화,왕대륙",8.82
87,2016,88,687,조선마술사,2015-12-30,3143566733,4650016527,403919,628576,608,13708,한국,위더스필름(주),롯데쇼핑㈜롯데엔터테인먼트,12세이상관람가,드라마,김대승,"유승호,고아라,곽도원,조윤희,이경영,박철민,손병호,조달환,서범식,김지민,이재웅,최광락,장유상,임종윤,박충선,김태준,이가경",6.59
88,2016,89,688,언더 워터,2016-07-13,3111772391,3111772391,384789,384789,518,13058,미국,,유니버설픽쳐스인터내셔널 코리아(유),15세이상관람가,"공포(호러),스릴러",자움 콜렛 세라,"블레이크 라이블리,오스카 제나다",6.23
89,2016,90,689,클로버필드 10번지,2016-04-07,2928428655,2928428655,357736,357736,575,24680,미국,,롯데쇼핑㈜롯데엔터테인먼트,15세이상관람가,"미스터리,스릴러",댄 트라첸버그,"메리 엘리자베스 윈스티드,존 굿맨,존 갤러거 주니어",7.56
90,2016,91,690,위자: 저주의 시작,2016-11-09,2637517406,2637517406,331877,331877,467,15660,미국,,유니버설픽쳐스인터내셔널 코리아(유),12세이상관람가,공포(호러),마이크 플래너건,"엘리자베스 리저,애너리즈 바쏘,헨리 토마스",7.16
91,2016,92,691,극장판 요괴워치: 염라대왕과 5개의 이야기다냥!,2016-07-20,2467275080,2467275080,330725,330725,403,6607,일본,,씨제이이앤엠(주),전체관람가,애니메이션,타카하시 시게하루,"토마츠 하루카,유키 아오이,세키 토모카즈,코자쿠라 에츠코",8.37
92,2016,93,692,아기배달부 스토크,2016-12-07,2436955700,2436955700,322354,322354,538,9388,미국,,워너브러더스 코리아(주),전체관람가,애니메이션,"니콜라스 스톨러,더그 스윗랜드","앤디 샘버그,켈시 그래머,제니퍼 애니스턴,티 버렐",8.73
94,2016,95,694,위대한 소원,2016-04-21,2440004213,2440004213,308398,308398,524,22769,한국,주식회사 브레인샤워,(주)넥스트엔터테인먼트월드(NEW),15세이상관람가,"코미디,드라마",남대중,"류덕환,김동영,안재홍,전노민,전미선,장원식,양정인,조우진,우지원,유정래,윤도영,이상민,이소정,이소정,이원희,한기업,한민석,황슬빛나,황용",7.84
96,2016,97,696,구스범스,2016-01-14,2221639712,2272577712,297356,305134,515,13477,미국,,유니버설픽쳐스인터내셔널 코리아(유),12세이상관람가,"액션,어드벤처,코미디",롭 레터맨,"잭 블랙,딜런 미네트,오데야 러쉬,할스톤 세이지",7.43
97,2016,98,697,포인트 브레이크,2016-01-07,2323707051,2329915051,294320,295096,409,12111,미국,,"(주)시네마서비스,(주)나이너스엔터테인먼트",15세이상관람가,"범죄,액션",에릭슨 코어,"루크 브레이시,에드가 라미레즈,테레사 팔머",7.51
98,2016,99,698,앨빈과 슈퍼밴드: 악동 어드벤처,2016-02-04,2125772200,2125772200,292495,292495,380,8917,미국,,이십세기폭스코리아(주),전체관람가,"애니메이션,어드벤처,코미디",월트 벡커,"저스틴 롱,제이슨 리,매튜 그레이 구블러,제시 맥카트니",8.29
99,2016,100,699,혼숨,2016-10-26,2258422445,2258422445,288016,288016,498,14510,한국,(주)무비스퀘어,(주)프레인글로벌,15세이상관람가,공포(호러),이두환,"류덕환,조복래,박형서,조동혁,이규섭,이수빈,조혜원",7.41
100,2017,1,700,택시운전사,2017-08-02,95853645649,95853645649,12186327,12186327,1906,184075,한국,더램프(주),(주)쇼박스,15세이상관람가,드라마,장훈,"이수민,송강호,토마스 크레취만,유해진,류준열,박혁권,최귀화,이창섭,이호균,서정우,송병철,안용우,오석규,윤석진,이새별,이성호,이정은,이주영,황민형,김신웅,김진상,김화목,문광식,차순배,김대현,서현우",9.04
101,2017,2,701,신과함께-죄와 벌,2017-12-20,68350496432,68350496432,8539495,8539495,1912,91301,한국,"리얼라이즈픽쳐스(주),(주)덱스터스튜디오",롯데쇼핑㈜롯데엔터테인먼트,12세이상관람가,"판타지,드라마",김용화,"하정우,차태현,주지훈,김향기,마동석,김동욱,도경수,오달수,임원희,장광,정해균,김수안,이정재,김해숙,이경영,김하늘,최용훈,강소백,정수윤,이수봉,이승준,이지향,김태준,정지훈,예수정,김기태,성유빈,오희준,이준혁",7.83
102,2017,3,702,공조,2017-01-18,63783051326,63783051326,7817618,7817618,1392,142989,한국,"(주)제이케이필름,씨제이이앤엠(주),영화사 이창,(주)에이치비엔터테인먼트",씨제이이앤엠(주),15세이상관람가,액션,김성훈,"현빈,유해진,김주혁,장영남,이해영,윤아,이동휘,박형수,서은지,신유철,이재남,공정환,김준한,신문성",8.27
103,2017,4,703,스파이더맨: 홈 커밍,2017-07-05,59125813820,59125813820,7258678,7258678,1965,164448,미국,,소니픽쳐스엔터테인먼트코리아주식회사극장배급지점,12세이상관람가,"액션,어드벤처,SF",존 와츠,"제이콥 배덜런,톰 홀랜드,로버트 다우니 주니어,마이클 키튼,마리사 토메이,젠다야 콜맨,존 파브로,마틴 스타,로건 마샬-그린,가르셀라 보베,스탠 리,보킴 우드바인,케네스 최,토니 레볼로리,타인 달리",9.29
105,2017,6,705,군함도,2017-07-26,50510565168,50510565168,6592151,6592151,2027,108775,한국,"(주)외유내강,(주)필름케이",씨제이이앤엠(주),15세이상관람가,"액션,드라마",류승완,"황정민,김규백,명인호,소지섭,송중기,이정현,김수안,지웅배,손용범,박상호,박선,박선주,박영준,박정민,박준서,박준서,박혜민,성정훈,오정현,오형근,전창현,정규호,정부용,지재우,이다영,이동준,이상협,이선민,이세형,이윤2,최호영,이재민,이정민,이정은,이정현,이제훈,허승준,이준희,이지은,이지환,이태영,이하은,이하준,이경영,장성범,백승철,김준한,김고은,박성일,설준수,조경현,여윤호,이준혁",5.28
106,2017,7,706,청년경찰,2017-08-09,44381150516,44381150516,5653270,5653270,1102,118544,한국,"(주)무비락,(주)도서관옆스튜디오,베리굿스튜디오(주)",롯데쇼핑㈜롯데엔터테인먼트,15세이상관람가,액션,김주환,"박서준,강하늘,박승호,성동일,박하선,정다은,김규백,이하준,이현일,임대현,박재홍,박정훈,장석진,서은지,서정우,서지원,신정화,조윤주,우상기,이강재,이다영,최광원,최지민,이도현,이상민,이세희,이수진,한재욱,이승희,이은비,이재웅,이정수,이주원,서정연,고준,전준영",8.3
107,2017,8,707,더 킹,2017-01-18,43488814535,43488814535,5317693,5317693,1310,107983,한국,(주)우주필름,(주)넥스트엔터테인먼트월드(NEW),15세이상관람가,"범죄,드라마",한재림,"조인성,정우성,배성우,김아중,류준열,김의성,김민재,정성모,정은채,김소진,황승언,이주연,정준용,박시영,임승묵,박정민,박지홍,박진영,장승연,손영진,안용우,유현종,이나경,이석호,한미진,이승민,이윤희,김원진,김규선,남명렬,이가경,차지원,차엽,오대환,이세랑",9.1
108,2017,9,708,미녀와 야수,2017-03-16,42133751579,42133751579,5138328,5138328,1627,140561,미국,,월트디즈니컴퍼니코리아 유한책임회사,전체관람가,"멜로/로맨스,판타지,뮤지컬",빌 콘돈,"엠마 왓슨,댄 스티븐스,루크 에반스,이완 맥그리거,이안 맥켈런,엠마 톰슨,구구 바샤-로,케빈 클라인,스탠리 투치",8.79
109,2017,10,709,킹스맨: 골든 서클,2017-09-27,40987484736,40987484736,4945484,4945484,1687,95922,미국,,이십세기폭스코리아(주),청소년관람불가,"액션,어드벤처,코미디",매튜 본,"콜린 퍼스,줄리안 무어,태런 에저튼,마크 스트롱,할리 베리,엘튼 존,채닝 테이텀,제프 브리지스",8.39
110,2017,11,710,토르: 라그나로크,2017-10-25,39227691395,39227691395,4853778,4853778,1640,137423,미국,,월트디즈니컴퍼니코리아 유한책임회사,12세이상관람가,"액션,어드벤처,판타지,SF",타이카 와이티티,"크리스 헴스워스,톰 히들스턴,케이트 블란쳇,이드리스 엘바,제프 골드블럼,테사 톰슨,칼 어번,마크 러팔로,안소니 홉킨스",8.83
111,2017,12,711,꾼,2017-11-22,31312029795,31312029795,4018035,4018035,1314,117398,한국,(주)영화사두둥,(주)쇼박스,15세이상관람가,범죄,장창원,"현빈,유지태,배성우,박성웅,나나,안세하,최덕문,전보람,전헌태,유정호,이용희,이재남,이창호,김동철,황인범,차순배",7.62
112,2017,13,712,강철비,2017-12-14,31994897566,31994897566,4014293,4014293,1426,66760,한국,"(주)와이웍스엔터테인먼트,(주)모팩",(주)넥스트엔터테인먼트월드(NEW),15세이상관람가,"액션,드라마",양우석,"정우성,곽도원,김갑수,김의성,이경영,조우진,정원중,김명곤,박은혜,김지호,안미나,원진아,정유나,이상민,이정호,정환,한승헌,박민희",8.34
113,2017,14,713,남한산성,2017-10-03,31225083792,31225083792,3849087,3849087,1229,71101,한국,(주)싸이런픽쳐스,씨제이이앤엠(주),15세이상관람가,"사극,드라마",황동혁,"이병헌,김윤석,박해일,고수,박희순,조우진,박주운,박지원,백동현,서병철,장정국,이정호,이호중,권효민",8.06
114,2017,15,714,미이라,2017-06-06,30504689978,30504689978,3689325,3689325,1257,105228,미국,,유니버설픽쳐스인터내셔널 코리아(유),15세이상관람가,"액션,어드벤처,판타지",알렉스 커츠먼,"톰 크루즈,소피아 부텔라,애나벨 월리스,러셀 크로우,하비에르 보텟,제이크 존슨,코트니 B. 반스,딜란 스미스",1.0
115,2017,16,715,분노의 질주: 더 익스트림,2017-04-12,29981156348,29981156348,3653238,3653238,1469,113241,미국,,유니버설픽쳐스인터내셔널 코리아(유),15세이상관람가,"액션,범죄,스릴러",F. 게리 그레이,"빈 디젤,드웨인 존슨,샤를리즈 테론,제이슨 스타뎀,스콧 이스트우드,커트 러셀,미셸 로드리게즈,엘자 패터키,에바 멘데스,헬렌 미렌,조다나 브루스터,루카스 블랙,타이레스 깁슨,루다크리스",8.96
116,2017,17,716,너의 이름은.,2017-01-04,29251793156,29566980156,3637608,3674371,947,82978,일본,,메가박스중앙(주)플러스엠,12세이상관람가,"애니메이션,드라마,멜로/로맨스",신카이 마코토,"카미키 류노스케,카미시라이시 모네,나가사와 마사미,이치하라 에수코,유키 아오이,시마자키 노부나가,이시카와 카이토,타니 카논",8.75
117,2017,18,717,슈퍼배드 3,2017-07-26,24217091019,24217091019,3324874,3324874,1057,59388,미국,,유니버설픽쳐스인터내셔널 코리아(유),전체관람가,애니메이션,"피에르 꼬팽,카일 발다","스티브 카렐,크리스틴 위그,트레이 파커",8.69
118,2017,19,718,아이 캔 스피크,2017-09-21,25526451186,25526451186,3279296,3279296,1140,93012,한국,"주식회사 영화사 시선,(주)명필름","롯데쇼핑㈜롯데엔터테인먼트,(주)리틀빅픽쳐스",12세이상관람가,코미디,김현석,"나문희,이제훈,박철민,염혜란,성유빈,김소진,이상희,정연주,이지훈,손숙,박준서,이승민,이정현,홍상원,황연희,이재인,우지현",9.37
119,2017,20,719,캐리비안의 해적: 죽은 자는 말이 없다,2017-05-24,24975495122,24975495122,3049894,3049894,1357,85225,미국,,월트디즈니컴퍼니코리아 유한책임회사,12세이상관람가,"액션,어드벤처,판타지,코미디","요아킴 뢰닝,에스펜 샌버그","조니 뎁,카야 스코델라리오,올랜도 블룸,하비에르 바르뎀,브렌튼 스웨이츠,제프리 러쉬,데이빗 웬햄,골시프테 파라하니,스티븐 그레이엄,케빈 맥널리,폴 매카트니,마틴 클레바,로드니 아피프",8.29
120,2017,21,720,프리즌,2017-03-23,23790276987,23790276987,2931897,2931897,1047,89024,한국,(주)큐로홀딩스,(주)쇼박스,청소년관람불가,"범죄,액션",나현,"한석규,김래원,정웅인,조재윤,신성록,곽민호,박영준,임경욱,장한승,신영진,지동주,유정호,윤세현,천재성,이상민,이수민,이용직,이재수,이정수,이정훈,홍도성,김성종,연송하,이재균,차엽,서호철",3.5
121,2017,22,721,덩케르크,2017-07-20,24550541348,24550541348,2788732,2788732,1252,65906,미국,,워너브러더스 코리아(주),12세이상관람가,"액션,드라마,스릴러,전쟁",크리스토퍼 놀란,"톰 하디,마크 라이런스,케네스 브래너,킬리언 머피,제임스 다시,케빈 구스리",8.29
122,2017,23,722,가디언즈 오브 갤럭시 VOL. 2,2017-05-03,23452686686,23452686686,2735721,2735721,1218,63789,미국,,월트디즈니컴퍼니코리아 유한책임회사,12세이상관람가,"액션,SF",제임스 건,"크리스 프랫,조 샐다나,데이브 바티스타,빈 디젤,브래들리 쿠퍼",8.93
123,2017,24,723,살인자의 기억법,2017-09-06,21375287492,21375287492,2658589,2658589,1064,88686,한국,"(주)쇼박스,(주)더블유픽처스,(주)그린피쉬,영화사 이창",(주)쇼박스,15세이상관람가,"범죄,스릴러",원신연,"설경구,김남길,설현,오달수,이현명,장정윤,전동성,전동성,전동성,전승표,백연정,백연정,정동석,정동석,유지현,윤선용,추동우,함연주,이종건,박상욱,박상운,전승표,김정영",7.69
124,2017,25,724,트랜스포머: 최후의 기사,2017-06-21,21501959228,21501959228,2614601,2614601,1739,87234,미국,,롯데쇼핑㈜롯데엔터테인먼트,12세이상관람가,"액션,어드벤처,SF",마이클 베이,"마크 월버그,안소니 홉킨스,로라 하드독,조쉬 더하멜",6.29
126,2017,27,726,조작된 도시,2017-02-09,20143992587,20143992587,2515501,2515501,1019,62241,한국,"(주)티피에스컴퍼니,(주)영화사심플렉스,컬쳐메이트",씨제이이앤엠(주),15세이상관람가,"범죄,액션",박광현,"지창욱,심은경,안재홍,오정세,김상호,김민교,김기천,이하늬,박재민,박정환,박주현,박준규,박지홍,장민준,전영욱,정근수,정상문,신동호,신민철,정이삭,오준표,오지홍,조진규,윤성민,최경미,최경식,최창국,이민호,이민호,이상진,이석,이석,이수빈,한성관,이유진,이정훈,이정훈,이종혁,노남석,백승철,손강국,한지은,박지후",8.03
127,2017,28,727,보스 베이비,2017-05-03,18936306704,18936306704,2452245,2452245,1116,48379,미국,,씨제이이앤엠(주),전체관람가,"애니메이션,코미디,가족",톰 맥그라스,"알렉 볼드윈,리사 쿠드로,스티브 부세미,토비 맥과이어,지미 키멜",8.67
128,2017,29,728,재심,2017-02-15,19266319637,19266319637,2421197,2421197,935,68402,한국,(주)이디오플랜,"오퍼스픽쳐스(유),CGV아트하우스",15세이상관람가,드라마,김태윤,"정우,강하늘,김해숙,이동휘,한재영,이경영,박희정,우상기,조해진,유지현,이다은,이동희,이동준,이승훈,한하늘,이정수,이정은,이종재,김진욱,김소진,김하나,최정헌",8.5
129,2017,30,729,박열,2017-06-28,18093639795,18093639795,2359206,2359206,1176,78499,한국,(유)박열문화전문회사,메가박스중앙(주)플러스엠,12세이상관람가,드라마,이준익,"이제훈,최희서,김인우,권율,민진웅,이형석,박진성,배정환,서동기,정무진,정승채,조박,윤재국,이경수,이동욱,이병훈,이성규,이승환,이신우,이영상,이재성,이정현,이종민,홍준석,달시 파켓,김준한,최정헌,백수장",8.09
132,2017,33,732,로건,2017-03-01,18391060223,18391060223,2169109,2169109,954,68709,미국,,이십세기폭스코리아(주),청소년관람불가,"액션,SF",제임스 맨골드,"휴 잭맨,패트릭 스튜어트,보이드 홀브룩,스테판 머천트,리차드 E. 그랜트,에릭 라 살,엘리스 닐",9.06
133,2017,34,733,원더 우먼,2017-05-31,17468588886,17468588886,2165401,2165401,1034,57818,미국,,워너브러더스 코리아(주),12세이상관람가,"액션,어드벤처,판타지,SF",팻티 젠킨스,"갤 가돗,로빈 라이트,크리스 파인,데이빗 듈리스,코니 닐슨,엘레나 아나야",9.71
135,2017,36,735,혹성탈출: 종의 전쟁,2017-08-15,16854482778,16854482778,2051315,2051315,1017,44543,미국,,이십세기폭스코리아(주),12세이상관람가,"액션,어드벤처,드라마,SF",맷 리브스,"앤디 서키스,우디 해럴슨,스티브 잔,주디 그리어,타이 올슨,채드 룩,티모시 웨버,마이클 아담스웨이트,라우로 차트랜드,스티브 바란칙",7.92
137,2017,38,737,애나벨 : 인형의 주인,2017-08-10,15527492238,15527492238,1934270,1934270,1006,35103,미국,,워너브러더스 코리아(주),15세이상관람가,공포(호러),데이비드 F. 샌드버그,"스테파니 시그만,알리시아 벨라 베일리,미란다 오토,탈리타 베이트먼",7.28
138,2017,39,738,노무현입니다,2017-05-25,14556517612,14556517612,1855149,1855149,775,61327,한국,영화사 풀,"CGV아트하우스,영화사 풀",12세이상관람가,다큐멘터리,이창재,"노무현,이상호",6.55
139,2017,40,739,저스티스 리그,2017-11-15,14629677795,14629677795,1786383,1786383,1308,73390,미국,,워너브러더스 코리아(주),12세이상관람가,"액션,어드벤처,판타지,SF",잭 스나이더,"벤 애플렉,갤 가돗,제이슨 모모아,레이 피셔,에즈라 밀러,헨리 카빌,J.K. 시몬스,윌렘 데포,제레미 아이언스,앰버 허드,코니 닐슨,에이미 아담스,다이안 레인",7.57
140,2017,41,740,킬러의 보디가드,2017-08-30,14020395800,14020395800,1721757,1721757,482,42002,미국,,"(주)제이앤씨미디어그룹,TCO(주)더콘텐츠온",15세이상관람가,"액션,코미디",패트릭 휴즈,"라이언 레이놀즈,사무엘 L. 잭슨,셀마 헤이엑,게리 올드만",8.4
141,2017,42,741,콩: 스컬 아일랜드,2017-03-08,13990563383,13990563383,1689717,1689717,984,56425,미국,,워너브러더스 코리아(주),12세이상관람가,"액션,어드벤처,판타지",조던 복트-로버츠,"톰 히들스턴,브리 라슨,사무엘 L. 잭슨,존 굿맨",7.76
142,2017,43,742,23 아이덴티티,2017-02-22,13609648135,13609648135,1675819,1675819,952,44104,미국,,유니버설픽쳐스인터내셔널 코리아(유),15세이상관람가,스릴러,M. 나이트 샤말란,"제임스 맥어보이,안야 테일러 조이,헤일리 루 리차드슨,베티 버클리,브래드 윌리엄 헨크,킴 디렉터,스털링 K. 브라운",7.66
143,2017,44,743,임금님의 사건수첩,2017-04-26,12651193723,12651193723,1635003,1635003,1054,53005,한국,"(주)영화사람,씨제이이앤엠(주),(주)더타워픽쳐스",씨제이이앤엠(주),12세이상관람가,"코미디,어드벤처,액션",문현성,"이선균,안재홍,김희원,주진모,장영남,경수진,정해인,조영진,박용균,박정민,박진욱,박형수,서병철,심상용,안용우,조제웅,유하나,윤기현,이상원,이승일,이승훈,이영호,이웅희,이재현,이재환,이정민,이주원,최용훈,김종훈,김정영",7.71
144,2017,45,744,부라더,2017-11-02,11783109998,11783109998,1492903,1492903,889,54975,한국,"(주)홍필름,(주)수필름",메가박스중앙(주)플러스엠,12세이상관람가,코미디,장유정,"마동석,이동휘,이하늬,류정수,배준수,석정호,신은영,안백승,안승주,채지혜,이성은,이수민,이은정,한명순,이재민,이하은,황인주,황종환,김근영",7.27
145,2017,46,745,기억의 밤,2017-11-29,10646654660,10646654660,1386611,1386611,759,52847,한국,(주)비에이엔터테인먼트,"메가박스중앙(주)플러스엠,주식회사 키위컴퍼니",15세이상관람가,"미스터리,스릴러",장항준,"강하늘,김무열,문성근,나영희,최고,박윤식,박재영,이동근,이동진,이승용,남명렬,김현목",8.16
146,2017,47,746,해피 데스데이,2017-11-08,11004455402,11004455402,1382650,1382650,714,52101,미국,,유니버설픽쳐스인터내셔널 코리아(유),15세이상관람가,"공포(호러),미스터리,스릴러",크리스토퍼 랜던,"제시카 로테,이스라엘 브로우사드",7.51
147,2017,48,747,브이아이피,2017-08-23,10956621835,10956621835,1373316,1373316,996,44650,한국,"(주)영화사 금월,(주)페퍼민트앤컴퍼니",워너브러더스 코리아(주),청소년관람불가,"범죄,드라마",박훈정,"강소백,장동건,김명민,박희순,이종석,임보라,박재웅,박준서,박준호,신수정,안세진,조청원,지성훈,최상재,최우진,이상민,이윤하,이주원,김대현,오대환",6.51
148,2017,49,748,특별시민,2017-04-26,10494768945,10494768945,1362634,1362634,1154,46377,한국,(주)팔레트픽처스,(주)쇼박스,15세이상관람가,드라마,박인제,"최민식,곽도원,심은경,문소리,라미란,류혜영,이기홍,진선규,권용덕,이주연,이준범,박지연,정병욱,정병진,신동필,정성호,신중혁,정연서,이상구,이상준,이수경,이영민,이윤희,이재현,홍윤기,마동석,서이숙,정재윤,강기영",7.39
149,2017,50,749,에이리언: 커버넌트,2017-05-09,10745826264,10745826264,1307226,1307226,841,41761,미국,,이십세기폭스코리아(주),15세이상관람가,"SF,스릴러",리들리 스콧,"마이클 패스벤더,캘리 헤르난데스,캐서린 워터스턴,제임스 프랭코,누미 라파스,가이 피어스,빌리 크루덥,카르멘 에조고,대니 맥브라이드,주시 스몰렛",8.13
150,2017,51,750,장산범,2017-08-17,10341783083,10341783083,1306438,1306438,711,34768,한국,(주)드림캡쳐,(주)넥스트엔터테인먼트월드(NEW),15세이상관람가,"미스터리,스릴러",허정,"염정아,박혁권,허진,신린아,방유설,이준혁,이달,이주원,장리우,정지훈",6.16
151,2017,52,751,악녀,2017-06-08,9739662144,9739662144,1208081,1208081,685,46070,한국,(주)앞에있다,(주)넥스트엔터테인먼트월드(NEW),청소년관람불가,액션,정병길,"김옥빈,신하균,성준,김서형,조은지,이승주,정해균,박철민,손민지,민예지,김연우,주문수,임도현,박지훈,박현민,백동현,장현기,정성윤,신중혁,신진철,정태수,차미진,윤인제,윤진영,이강우,이동희,이상진,이상철,이승철,이주현,홍준선,황성호,문지현",6.95
152,2017,53,752,해빙,2017-03-01,9905406822,9905406822,1204600,1204600,915,46227,한국,"위더스필름(주),(주)영화사불",롯데쇼핑㈜롯데엔터테인먼트,15세이상관람가,스릴러,이수연,"조진웅,신구,김대명,송영창,이청아,윤세아,박희정,서수민,이강재,이재은",6.49
153,2017,54,753,라라랜드,2016-12-07,9822110162,29818249394,1185287,3570395,590,37450,미국,,판씨네마(주),12세이상관람가,"드라마,뮤지컬,멜로/로맨스",데이미언 셔젤,"엠마 스톤,라이언 고슬링,핀 위트록,J.K. 시몬스,로즈마리 드윗",8.59
154,2017,55,754,하루,2017-06-15,9072737842,9072737842,1129609,1129609,781,45808,한국,(주)라인필름,CGV아트하우스,15세이상관람가,스릴러,조선호,"김명민,변요한,유재명,조은형,신혜선,박정민,이승민",7.0
155,2017,56,755,지오스톰,2017-10-19,8480864614,8480864614,1028384,1028384,854,35453,미국,,워너브러더스 코리아(주),12세이상관람가,"액션,SF,스릴러","딘 데블린,대니 캐넌","캐서린 윈닉,제라드 버틀러,짐 스터게스,애비 코니시,앤디 가르시아",7.45
156,2017,57,756,스타워즈: 라스트 제다이,2017-12-14,8535886061,8535886061,946547,946547,1107,30914,미국,,월트디즈니컴퍼니코리아 유한책임회사,12세이상관람가,"액션,어드벤처,판타지,SF",라이언 존슨,"마크 해밀,캐리 피셔,아담 드라이버,데이지 리들리,존 보예가,오스카 아이삭,루피타 뇽,앤디 서키스,도널 글리슨,안소니 다니엘,그웬돌린 크리스티,켈리 마리 트란,로라 던,베니치오 델 토로",6.55
157,2017,58,757,불한당: 나쁜 놈들의 세상,2017-05-17,7587004625,7587004625,939535,939535,860,37913,한국,"씨제이이앤엠(주),(주)바른손",씨제이이앤엠(주),청소년관람불가,"범죄,액션,드라마",변성현,"설경구,임시완,김희원,전혜진,이경영,김성오,허준호,박정주,박지호,박형우,임효은,정기욱,주현수,윤준희,최형욱,이미소,이시훈,이영호,이은비,이인규,이정우,이정호,김말구,문지윤",6.24
158,2017,59,758,그것,2017-09-06,7335022607,7335022607,888836,888836,837,35430,미국,,워너브러더스 코리아(주),15세이상관람가,"공포(호러),드라마",안드레스 무시에티,"오웬 티그,빌 스카스가드,핀 울프하드,하비에르 보텟,소피아 릴리스",9.01
159,2017,60,759,오리엔트 특급 살인,2017-11-29,6636205163,6636205163,863567,863567,707,35031,미국,,이십세기폭스코리아(주),12세이상관람가,"드라마,미스터리,범죄",케네스 브래너,"케네스 브래너,페넬로페 크루즈,윌렘 데포,주디 덴치,조니 뎁,조시 게드,데렉 자코비,미쉘 파이퍼,데이지 리들리",8.01
160,2017,61,760,대립군,2017-05-31,6276963402,6276963402,837500,837500,809,29084,한국,"리얼라이즈픽쳐스(주),이십세기폭스 인터내셔널 프로덕션,(주)베르디미디어,(주)블러썸픽쳐스",이십세기폭스코리아(주),15세이상관람가,"드라마,사극",정윤철,"이정재,여진구,김무열,이솜,박원상,배수빈,김명곤,박해준,이한성,박정환,박지환,박지훈,손승훈,손영진,정연수,지경현,유명환,윤성민,이가경,이경수,이경재,이상현,이승철,이승훈,이주영,박호산,김원진,김재록",7.28
161,2017,62,761,베이비 드라이버,2017-09-14,6699906214,6699906214,822769,822769,778,40531,영국,,소니픽쳐스엔터테인먼트코리아주식회사극장배급지점,15세이상관람가,"액션,범죄,스릴러",에드가 라이트,"안셀 엘고트,케빈 스페이시,릴리 제임스,에이자 곤잘레스,존 햄,제이미 폭스",7.99
162,2017,63,762,위대한 쇼맨,2017-12-20,6657027200,6657027200,814585,814585,702,20306,미국,,이십세기폭스코리아(주),12세이상관람가,"드라마,뮤지컬",마이클 그레이시,"휴 잭맨,잭 에프런,미쉘 윌리엄스,레베카 퍼거슨,젠다야 콜맨",9.38
163,2017,64,763,뽀로로 극장판 공룡섬 대모험,2017-12-07,5848888600,5848888600,773743,773743,803,18226,한국,(주)오콘,(주)넥스트엔터테인먼트월드(NEW),전체관람가,애니메이션,"김현호,윤제완","이선,이미자,함수정,홍소영,정미숙,김서영,김환진,엄상현",9.17
164,2017,65,764,레지던트 이블: 파멸의 날,2017-01-25,6422202365,6422202365,765259,765259,599,24450,미국,,유니버설픽쳐스인터내셔널 코리아(유),청소년관람불가,"액션,공포(호러),SF,스릴러",폴 W.S. 앤더슨,"밀라 요보비치,알리 라터,이아인 글렌,숀 로버츠,이준기",8.38
165,2017,66,765,공각기동대 : 고스트 인 더 쉘,2017-03-29,6285970884,6285970884,764072,764072,807,36261,미국,,롯데쇼핑㈜롯데엔터테인먼트,15세이상관람가,"SF,범죄,액션",루퍼트 샌더스,"스칼렛 요한슨,마이클 피트,마이클 윈코트,요한 필리프 아스베크,기타노 다케시",6.95
166,2017,67,766,트롤,2017-02-16,5011161500,5011161500,675966,675966,622,18387,미국,드림웍스 애니메이션,씨제이이앤엠(주),전체관람가,애니메이션,"마이크 미첼,월트 도른","안나 켄드릭,저스틴 팀버레이크,주이 디샤넬,크리스토퍼 민츠 플라세,크리스틴 바란스키,제프리 탬보,러셀 브랜드,쿠널 나이어,그웬 스테파니,제임스 코든,존 클리즈,쿠벤자네 왈리스,월트 도른,이성경,박형식,김하영,엄상현,전숙경,장광,이현,김명준,김도영,신용우",10.0
168,2017,69,768,씽,2016-12-21,5062317800,13266175589,667598,1730773,721,17191,미국,,유니버설픽쳐스인터내셔널 코리아(유),전체관람가,"애니메이션,뮤지컬",가스 제닝스,"매튜 매커너히,리즈 위더스푼,스칼렛 요한슨,태런 에저튼,세스 맥팔레인",5.0
169,2017,70,769,아빠는 딸,2017-04-12,5054757395,5054757395,647305,647305,586,33263,한국,영화사김치(주),메가박스중앙(주)플러스엠,12세이상관람가,코미디,김형협,"윤제문,정소민,이일화,신구,이미도,강기영,박혁권,허가윤,도희,박희진,정유동,윤진영,이정수,이유진",8.06
171,2017,72,771,47 미터,2017-07-19,4686079657,4686079657,590045,590045,733,20457,영국,,씨네그루(주)키다리이엔티,15세이상관람가,"스릴러,공포(호러)",조하네스 로버츠,"맨디 무어,클레어 홀트,매튜 모딘",7.24
172,2017,73,772,메리와 마녀의 꽃,2017-12-07,4064280239,4064280239,535331,535331,751,21383,일본,,CGV아트하우스,전체관람가,"애니메이션,어드벤처",요네바야시 히로마사,"스기사키 하나,카미키 류노스케",7.08
173,2017,74,773,얼라이드,2017-01-11,4278041179,4290805179,518886,520448,546,19875,미국,,롯데쇼핑㈜롯데엔터테인먼트,15세이상관람가,"스릴러,드라마,멜로/로맨스",로버트 저메키스,"브래드 피트,마리옹 꼬띠아르,리지 캐플란,매튜 구드,자레드 해리스",8.86
174,2017,75,774,발레리안: 천 개 행성의 도시,2017-08-30,4047756408,4047756408,511931,511931,629,23405,프랑스,,판씨네마(주),12세이상관람가,"액션,어드벤처,SF",뤽 베송,"데인 드한,카라 델러비인,리한나,클라이브 오웬",7.8
175,2017,76,775,그레이트 월,2017-02-15,4355441358,4355441358,501486,501486,598,23094,미국,,유니버설픽쳐스인터내셔널 코리아(유),12세이상관람가,"판타지,액션",장예모,"맷 데이먼,페드로 파스칼,윌렘 데포,유덕화,루한,경첨,너맨 아카,펑위옌,장한위",7.76
177,2017,78,777,카3: 새로운 도전,2017-07-13,3599544501,3599544501,487916,487916,800,14906,미국,,월트디즈니컴퍼니코리아 유한책임회사,전체관람가,"애니메이션,어드벤처,코미디,가족",브라이언 피,"아미 해머,나단 필리온,오웬 윌슨",8.5
178,2017,79,778,트리플 엑스 리턴즈,2017-02-08,3967335095,3967335095,475309,475309,590,20692,미국,,롯데쇼핑㈜롯데엔터테인먼트,15세이상관람가,"액션,어드벤처,스릴러",D.J. 카루소,"빈 디젤,사무엘 L. 잭슨,루비 로즈,니나 도브레브,토니 콜렛,디피카 파드콘,토니 자",6.97
180,2017,81,780,너의 췌장을 먹고 싶어,2017-10-25,3703660800,3703660800,465265,465265,218,16849,일본,,(주)넥스트엔터테인먼트월드(NEW),12세이상관람가,드라마,츠키카와 쇼,"키타가와 케이코,오구리 슌,하마베 미나미,키타무라 타쿠미",8.28
182,2017,83,782,명탐정 코난:진홍의 연가,2017-08-02,3268917200,3268917200,450043,450043,582,9763,일본,,씨제이이앤엠(주),12세이상관람가,애니메이션,시즈노 코분,,8.79
183,2017,84,783,히든 피겨스,2017-03-23,3580767033,3580767033,449518,449518,448,19742,미국,,이십세기폭스코리아(주),12세이상관람가,드라마,데오도르 멜피,"타라지 P. 헨슨,옥타비아 스펜서,케빈 코스트너,커스틴 던스트,짐 파슨스",9.35
184,2017,85,784,반드시 잡는다,2017-11-29,3326439772,3326439772,446780,446780,565,24559,한국,"(주)에이디사공육,씨네주 유한회사",(주)넥스트엔터테인먼트월드(NEW),15세이상관람가,스릴러,김홍선,"백윤식,성동일,천호진,배종옥,조달환,김혜인,박형수,손종학,이칸희,박지현,정유민,이정은,조건희,이재윤,천준호,강병희,권인호,선호삼,강말금,신문성,오희준",7.5
185,2017,86,785,원라인,2017-03-29,3319035433,3319035433,435048,435048,613,20788,한국,"(주)미인픽쳐스,(주)곽픽쳐스",(주)넥스트엔터테인먼트월드(NEW),15세이상관람가,범죄,양경모,"임시완,진구,박병은,이동휘,김선영,박종환,왕지원,박유환,안세하,조우진,박형수,박건도,박지홍,안지현,유요한,이도현,최창국,이석호,한민철,이영호,홍성호,김말구,김태준,김근영,임지환,김대현,황성준",8.17
186,2017,87,786,터닝메카드W: 블랙미러의 부활,2017-01-18,3215588500,3215588500,429933,429933,570,14146,한국,㈜희원엔터테인먼트,씨네그루(주)키다리이엔티,전체관람가,애니메이션,"홍헌표,김석원","소연,윤아영,신용우,장광,강호철,안영미,윤미나,이재현",8.73
187,2017,88,787,스머프: 비밀의 숲,2017-04-28,3122661000,3122661000,427764,427764,607,10658,미국,,소니픽쳐스엔터테인먼트코리아주식회사극장배급지점,전체관람가,"애니메이션,가족",캘리 애스버리,"데미 로바토,레인 윌슨,조 맨가니엘로,잭 맥브레이어,맨디 파틴킨",8.58
188,2017,89,788,로그 원: 스타워즈 스토리,2016-12-28,3920458500,9047995594,422822,1019309,810,17226,미국,,월트디즈니컴퍼니코리아 유한책임회사,12세이상관람가,"액션,어드벤처,판타지,SF",가렛 에드워즈,"펠리시티 존스,디에고 루나,매즈 미켈슨,리즈 아메드,포레스트 휘테커,견자단,알란 터딕,강문",8.45
189,2017,90,789,킹 아서: 제왕의 검,2017-05-17,3373678655,3373678655,415714,415714,588,20315,영국,,워너브러더스 코리아(주),12세이상관람가,"판타지,액션,어드벤처",가이 리치,"찰리 허냄,주드 로,에릭 바나,에이단 길렌,디몬 하운수,아스트리드 베흐제-프리스베,애나벨 월리스,케이티 맥그라스",7.78
190,2017,91,790,극장판 포켓몬스터 너로 정했다!,2017-12-21,3117529700,3117529700,415255,415255,626,7796,일본,,(주)이수C&E,전체관람가,"애니메이션,어드벤처,가족",유야마 쿠니히코,,8.85
191,2017,92,791,넛잡 2,2017-10-03,3069388100,3069388100,411787,411787,526,10449,한국,"(주)레드로버,툰박스 엔터테인먼트",롯데쇼핑㈜롯데엔터테인먼트,전체관람가,"애니메이션,어드벤처,코미디,가족",캘런 브런커,"윌 아넷,캐서린 헤이글,성룡,이사벨라 모너",8.77
192,2017,93,792,아메리칸 메이드,2017-09-14,3175539145,3175539145,401541,401541,691,26356,미국,,유니버설픽쳐스인터내셔널 코리아(유),15세이상관람가,"범죄,액션",더그 라이만,"톰 크루즈,도널 글리슨,사라 라이트,제시 플레먼스",7.72
193,2017,94,793,러빙 빈센트,2017-11-09,3061456861,3061456861,384540,384540,272,14651,영국,,판씨네마(주),15세이상관람가,"애니메이션,미스터리","도로타 코비엘라,휴 웰치맨","시얼샤 로넌,제롬 플린",8.0
194,2017,95,794,보통사람,2017-03-23,2956397623,2956397623,383336,383336,621,19928,한국,"(주)트리니티엔터테인먼트,(주)영화사장춘",오퍼스픽쳐스(유),15세이상관람가,드라마,김봉한,"손현주,장혁,김상호,라미란,정만식,조달환,지승현,오연아,강현구,이학렬,이형기,박형수,서주연,정원태,양재영,윤준호,이영호,이유진,이승용,김영",7.95
195,2017,96,795,대장 김창수,2017-10-19,2879121115,2879121115,381483,381483,748,21744,한국,"(주)비에이엔터테인먼트,(주)무비스퀘어","씨네그루(주)키다리이엔티,주식회사 키위컴퍼니",12세이상관람가,드라마,이원태,"조진웅,송승헌,정만식,정진영,신정근,유승목,정규수,이서원,곽동연,박소담,박재영,박정숙,박지훈,서주연,최서윤,이신우,이원태,이정철,이정현,홍재식,황정용",6.9
196,2017,97,796,눈의 여왕 3: 눈과 불의 마법대결,2017-01-04,2694247700,2704798700,366442,367919,526,10639,러시아,,(주)이수C&E,전체관람가,"애니메이션,어드벤처,가족,판타지",알렉세이 트시칠린,"박지윤,엄상현,남도형,박상훈,이재범",8.56
197,2017,98,797,어쌔신 크리드,2017-01-11,2899784921,2899784921,355913,355913,566,16218,미국,,이십세기폭스코리아(주),15세이상관람가,"액션,어드벤처,판타지,SF",저스틴 커젤,"마이클 패스벤더,마리옹 꼬띠아르,아리안 라베드,제레미 아이언스,브렌단 글리슨,마이클 K. 윌리엄스",7.09
199,2017,100,799,석조저택 살인사건,2017-05-09,2829106886,2829106886,353517,353517,539,17925,한국,주식회사 영화사다,씨네그루(주)키다리이엔티,15세이상관람가,스릴러,"정식,김휘","황인아,고수,김주혁,문성근,박성웅,임화영,임태훈,전민,신영진,신영진,정우식,정유빈,조원진,조유찬,조한별,이대영,이유진,이유진,이자은,이정섭,이주연,이주연,이주현,홍의정,황재욱,고민우,한지은",7.28
200,2018,1,800,신과함께-인과 연,2018-08-01,102666146909,102666146909,12274996,12274996,2235,179981,한국,"리얼라이즈픽쳐스(주),(주)덱스터스튜디오",롯데컬처웍스(주)롯데엔터테인먼트,12세이상관람가,"판타지,드라마",김용화,"하정우,주지훈,김향기,마동석,김동욱,이정재,김기태,오희준,도경수,이준혁,이수봉,이용희,이우주,이우주,이준혁,이지향,이지향,이지혜,김지안,김철구,김태준,안용우,김학충,노남석,장재욱,전종석,박지선,박찬영,정진영,정지훈,권훈,권수정,김대근,김대현,김동욱,김민석,안지호",7.71
201,2018,2,801,어벤져스: 인피니티 워,2018-04-25,99926399769,99926399769,11212710,11212710,2553,240501,미국,,월트디즈니컴퍼니코리아 유한책임회사,12세이상관람가,"액션,어드벤처,판타지,SF","안소니 루소,조 루소","로버트 다우니 주니어,조슈 브롤린,마크 러팔로,톰 히들스턴,크리스 에반스,크리스 헴스워스,제레미 레너,스칼렛 요한슨,엘리자베스 올슨,안소니 마키,폴 러드,기네스 팰트로우,폴 베타니,돈 치들,베네딕트 컴버배치,톰 홀랜드,크리스 프랫,조 샐다나,카렌 길런,브래들리 쿠퍼,빈 디젤,데이브 바티스타,세바스찬 스탠,채드윅 보스만,코비 스멀더스,베니치오 델 토로,피터 딘클리지,사무엘 L. 잭슨,다네이 거라이라,베네딕트 왕",9.41
202,2018,3,802,보헤미안 랩소디,2018-10-31,80010440345,80010440345,9224582,9224582,1179,204537,미국,,이십세기폭스코리아(주),12세이상관람가,드라마,브라이언 싱어,"라미 말렉,조셉 마젤로,마이크 마이어스,루시 보인턴",9.42
203,2018,4,803,미션 임파서블: 폴아웃,2018-07-25,55888375112,55888375112,6584915,6584915,1957,101374,미국,파라마운트 픽쳐스,롯데컬처웍스(주)롯데엔터테인먼트,15세이상관람가,"액션,스릴러",크리스토퍼 맥쿼리,"톰 크루즈,레베카 퍼거슨,바네사 커비,미셸 모나한,헨리 카빌,안젤라 바셋,사이먼 페그,알렉 볼드윈",9.12
204,2018,5,804,신과함께-죄와 벌,2017-12-20,47355583705,115706080137,5872007,14411502,1644,121961,한국,"리얼라이즈픽쳐스(주),(주)덱스터스튜디오",롯데쇼핑㈜롯데엔터테인먼트,12세이상관람가,"판타지,드라마",김용화,"하정우,차태현,주지훈,김향기,마동석,김동욱,도경수,오달수,임원희,장광,정해균,김수안,이정재,김해숙,이경영,김하늘,최용훈,강소백,정수윤,이수봉,이승준,이지향,김태준,정지훈,예수정,김기태,성유빈,오희준,이준혁",7.83
205,2018,6,805,쥬라기 월드: 폴른 킹덤,2018-06-06,49770711037,49770711037,5661128,5661128,1972,144779,미국,,유니버설픽쳐스인터내셔널 코리아(유),12세이상관람가,"액션,어드벤처,SF",후안 안토니오 바요나,"크리스 프랫,브라이스 달라스 하워드,제프 골드블럼,저스티스 스미스,토비 존스,B.D. 웡,테드 레빈,제임스 크롬웰,라프 스팰,제랄딘 채플린,마이클 파파존,카밀 레미에쉐브스키,다니엘라 피네다,로버트 엠스",8.01
206,2018,7,806,앤트맨과 와스프,2018-07-04,47468053685,47468053685,5448134,5448134,1775,148244,미국,,월트디즈니컴퍼니코리아 유한책임회사,12세이상관람가,"액션,어드벤처,SF",페이튼 리드,"폴 러드,에반젤린 릴리,마이클 더글라스,미쉘 파이퍼,로렌스 피쉬번,해나 존-케이먼,마이클 페나,월튼 고긴스",8.62
207,2018,8,807,안시성,2018-09-19,46335334026,46335334026,5440186,5440186,1540,110439,한국,"(주)영화사수작,(주)스튜디오앤뉴,주식회사 모티브랩",(주)넥스트엔터테인먼트월드(NEW),12세이상관람가,"사극,액션",김광식,"이태진,조인성,신현숙,남주혁,박성웅,김경희,배성우,엄태구,설현,박병은,오대환,성동일,정은채,유오성,김미지,여윤호,박인수,이승일,이현,이경재,이낙준,이동민,이상혁,이상호,이성욱,이세민,이승석,배유리,이승환,배준수,이원재,이은희,이은희,이인규,이정민,이정선,김종호,이준우,이진용,이태진,이호준,임동영,임상현,김현우,김현창,나대한,오진석,유병주,윤정열,문창준,박경관,임용순,박세준,정미경,정지훈,김한솔,정태영,조석현,조형래,조혜인,조혜인,김욱,김대현,김동민,김동진,김명준,김민혁,최희열,한명환,한아름,한정환,김이현,김원중,김세홍,강희중",8.0
208,2018,9,808,블랙 팬서,2018-02-14,45885123957,45885123957,5399227,5399227,1620,119170,미국,,월트디즈니컴퍼니코리아 유한책임회사,12세이상관람가,"액션,드라마,SF",라이언 쿠글러,"채드윅 보스만,마이클 B. 조던,루피타 뇽,다네이 거라이라,마틴 프리먼,안젤라 바셋,포레스트 휘테커,앤디 서키스,레티티아 라이트,다니엘 칼루야,윈스턴 듀크",7.49
209,2018,10,809,완벽한 타인,2018-10-31,44350807074,44350807074,5293435,5293435,1325,143055,한국,"(주)필름몬스터,드라마하우스(주)",롯데컬처웍스(주)롯데엔터테인먼트,15세이상관람가,"드라마,코미디",이재규,"유해진,조진웅,이서진,염정아,김지수,송하윤,윤경호,지우,정민규,정지훈,조용진",8.64
211,2018,12,811,독전,2018-05-22,43485551113,43485551113,5063684,5063684,1532,140007,한국,(주)용필름,(주)넥스트엔터테인먼트월드(NEW),15세이상관람가,"범죄,액션",이해영,"조진웅,류준열,김주혁,김성령,박해준,차승원,이주영,김태준,서현우,이경제,이민호,김재훈,백승환,이정철,이정호,김준형,이주영,이지민,안성봉,김태준,김태현,오현석,박성연,박예진,박은영,박정진,박종범,정여진,박진수,최성철,김대근,황기석,김양수,김선우,강승현,강지현,김누리,김동영,진서연",7.53
212,2018,13,812,공작,2018-08-08,42788851176,42788851176,4974520,4974520,1317,99001,한국,"(주)영화사 월광,(주)사나이픽처스",씨제이이앤엠(주),12세이상관람가,드라마,윤종빈,"황정민,이성민,조진웅,주지훈,김대현,이경호,이기용,이동희,이상원,이상현,박현민,박혜영,김재희,이승찬,이승환,이승훈,이은영,김정현,이재우,이재혁,김정호,김종수,김지나,서주연,손승훈,이창석,이창훈,이희경,김지혜,김지홍,김진영,김현중,김형기,김형우,정재헌,박진수,박진영,강주석,정혜경,조현수,강민지,김다솜,김대현,김미혜,최운진,최정인,최지현,최희열,김소진,김수연,김은아,김승희,김영진,김영훈,김용석,김우영,김우현",6.84
213,2018,14,813,베놈,2018-10-03,34100211207,34100211207,3888096,3888096,1308,116149,미국,,소니픽쳐스엔터테인먼트코리아주식회사극장배급지점,15세이상관람가,"액션,SF,스릴러",루벤 플레셔,"톰 하디,미쉘 윌리엄스,리즈 아메드,제니 슬레이트",7.9
214,2018,15,814,암수살인,2018-10-03,32995138548,32995138548,3789321,3789321,1177,126127,한국,"(주)필름295,(주)블러썸픽쳐스",(주)쇼박스,15세이상관람가,"범죄,드라마",김태균,"김윤석,주지훈,문정희,진선규,이재현,이윤재,김종수,김지성,이현주,임병우,김진혁,김학준,윤성원,박성현,박진수,박진영,권회수,허진,김영웅,김윤석,배해선",8.32
215,2018,16,815,데드풀 2,2018-05-16,34185664639,34185664639,3784602,3784602,1576,113288,미국,,이십세기폭스코리아(주),청소년관람불가,"액션,어드벤처,코미디,SF",데이빗 레이치,"라이언 레이놀즈,조슈 브롤린,재지 비츠,모레나 바카린,브리아나 힐데브란드",8.7
216,2018,17,816,국가부도의 날,2018-11-28,30845862137,30845862137,3747952,3747952,1180,100804,한국,영화사 집,씨제이이앤엠(주),12세이상관람가,드라마,최국희,"김혜수,유아인,허준호,조우진,뱅상 카셀,이원희,이은주,손민석,손영진,이하윤,김진구,박경관,박재민,박재영,박정민,권훈,김기현,최준영",8.16
218,2018,19,818,아쿠아맨,2018-12-19,30454292381,30454292381,3491857,3491857,1285,54505,미국,,워너브러더스 코리아(주),12세이상관람가,액션,제임스 완,"제이슨 모모아,앰버 허드,니콜 키드먼,패트릭 윌슨,윌렘 데포,돌프 룬드그렌",8.35
219,2018,20,819,그것만이 내 세상,2018-01-17,27450805382,27454117382,3419339,3419753,956,95431,한국,"(주)제이케이필름,씨제이이앤엠(주)",씨제이이앤엠(주),12세이상관람가,"코미디,드라마",최성현,"이병헌,윤여정,박정민,한지민,김성령,이주영,최리,이가경,이상준,박현주,이소정,이정호,이종승,이주영,이준석,안성봉,김현정,박상훈,박성훈,박소은,장혜리,정승환,박지연,박지훈,박지훈,조윤주,김동규,김민주,김유진",8.91
220,2018,21,820,마녀,2018-06-27,27242029463,27242029463,3189091,3189091,1117,90843,한국,"(주)영화사 금월,(주)페퍼민트앤컴퍼니",워너브러더스 코리아(주),15세이상관람가,"미스터리,액션",박훈정,"김다미,조민수,박희순,최우식,백승철,김하나,이강곤,이상용,백규현,김종면,김종훈,서영희,송민수,이주원,이채현,이하영,이혜성,남경민,모그,박상현,박상훈,박시현,장민재,정다은,박정수,정승채,정지민,김한솔,조제웅,진영준,권용석,김기훈,김미진,최정우,김상훈,김수현,김승우,김영원,김영민,김우주",8.19
221,2018,22,821,탐정: 리턴즈,2018-06-13,26909459678,26909459678,3152872,3152872,1137,107907,한국,(주)크리픽쳐스,씨제이이앤엠(주),15세이상관람가,"코미디,범죄",이언희,"권상우,성동일,이광수,서영희,이일화,남명렬,손담비,최성원,김동욱,박성일,오희준,이광호,이동민,이동민,이상철,서영희,심상민,엄진용,임승묵,박성연,임효우,박영식,정성호,정연주,정인영,박태강,정택호,조혜선,최광락,권혁석,김동욱,김미진,최재옥,홍광석,홍광석,김선간,김수영,김승필,김승필,김용호,김원진,김성규",8.41
222,2018,23,822,인크레더블 2,2018-07-18,24554683588,24554683588,3033052,3033052,1605,70934,미국,,월트디즈니컴퍼니코리아 유한책임회사,전체관람가,"애니메이션,액션,어드벤처,코미디,가족",브래드 버드,"크레이그 T. 넬슨,사무엘 L. 잭슨,홀리 헌터",9.23
224,2018,25,824,너의 결혼식,2018-08-22,23676244369,23676244369,2820969,2820969,970,98193,한국,"(주)필름케이,(주)외유내강",메가박스중앙(주)플러스엠,12세이상관람가,멜로/로맨스,이석근,"박보영,김영광,강기영,장성범,고규필,서은수,차엽,안길강,이동석,이재상,서남윤,김준수,김지훈,김태환,김학준,김한슬,박규태,박성준,정난희,박종범,박주희,정유진,정주호,조영웅,김건중,홍근택,홍진기,김민석,김영훈,김성준,강희중,배해선,조성희",8.42
225,2018,26,825,곤지암,2018-03-28,21442194144,21442194144,2675575,2675575,1124,88477,한국,(주)하이브미디어코프,(주)쇼박스,15세이상관람가,"공포(호러),스릴러",정범식,"위하준,박지현,오아연,문예원,박성훈,이승욱,유제윤,이주원,정아노마",6.42
226,2018,27,826,지금 만나러 갑니다,2018-03-14,20800916128,20800916128,2602273,2602273,1191,97482,한국,"(주)무비락,(주)도서관옆스튜디오,(주)푸른나무픽쳐스",롯데쇼핑㈜롯데엔터테인먼트,12세이상관람가,멜로/로맨스,이장훈,"소지섭,손예진,김지환,고창석,이유진,김현수,배유람,이준혁,서정연,손여은,이진,이상철,이재환,이정민,변지은,김지민,송지연,이준성,김지호,김하은,유은성,박서준,정유민,정현우,차봉주,김경애,김민석,김선웅,김범준",8.72
227,2018,28,827,목격자,2018-08-15,21737061097,21737061097,2524720,2524720,1021,71403,한국,(주)에이디사공육,(주)넥스트엔터테인먼트월드(NEW),15세이상관람가,스릴러,조규장,"이성민,김상호,진경,곽시양,이동희,김재철,이재남,이재우,이태호,이혜민,정유민,정택호,조아라,최정인,황인범,김자영,김수영,김상호,박지후",7.79
228,2018,29,828,조선명탐정: 흡혈괴마의 비밀,2018-02-08,19822789764,19822789764,2444136,2444136,1249,74953,한국,청년필름(주),(주)쇼박스,12세이상관람가,"사극,어드벤처,코미디",김석윤,"김명민,오달수,김지원,김범,이민기,지웅배,이대현,이소희,이재웅,백승진,이정민,김정화,서지은,김탁호,김태윤,김태희,김현주,류현상,민성주,박동석,전건익,전현우,박지선,김태호,박지현,김건,최유진,한성희,김미란,김상일,김영우,김영진",6.63
229,2018,30,829,신비한 동물들과 그린델왈드의 범죄,2018-11-14,20816583118,20816583118,2414062,2414062,1601,76846,미국,,워너브러더스 코리아(주),12세이상관람가,판타지,데이빗 예이츠,"에디 레드메인,캐서린 워터스턴,앨리슨 수돌,댄 포글러,에즈라 밀러,주드 로,조니 뎁,칼럼 터너,조 크라비츠,수현",6.24
230,2018,31,830,메이즈 러너: 데스 큐어,2018-01-17,18902873104,18902873104,2299732,2299732,1090,58918,미국,,이십세기폭스코리아(주),12세이상관람가,"액션,SF,스릴러",웨스 볼,"딜런 오브라이언,토마스 생스터,카야 스코델라리오,이기홍",7.85
231,2018,32,831,맘마미아!2,2018-08-08,19607520003,19607520003,2293884,2293884,750,59060,미국,,유니버설픽쳐스인터내셔널 코리아(유),12세이상관람가,뮤지컬,올 파커,"아만다 사이프리드,릴리 제임스,메릴 스트립,피어스 브로스넌,제레미 어바인,콜린 퍼스,휴 스키너,스텔란 스카스가드,조쉬 딜란,줄리 월터스,알렉사 데이비스,크리스틴 바란스키,제시카 키나 윈,도미닉 쿠퍼,셰어,앤디 가르시아",8.97
232,2018,33,832,레디 플레이어 원,2018-03-28,19933108071,19933108071,2254430,2254430,1079,77173,미국,,워너브러더스 코리아(주),12세이상관람가,"액션,SF,어드벤처",스티븐 스필버그,"마크 라이런스,사이먼 페그,올리비아 쿡,타이 쉐리던,벤 멘델슨,T.J. 밀러",8.53
233,2018,34,833,명당,2018-09-19,17900775524,17900775524,2087474,2087474,1117,58450,한국,(주)주피터필름,메가박스중앙(주)플러스엠,12세이상관람가,사극,박희곤,"조승우,지성,김성균,백윤식,문채원,유재명,박충선,이원근,김민재,강태오,이가희,이규섭,이동희,이세희,이수아,이성훈,이승철,이유리,이정민,이정빈,이정현,김준영,이주연,이창석,김진혁,안성봉,김하림,박기태,임지은,정재용,정재헌,박지현,정한길,정혜경,조성환,최선호,김규선,김도연,김동규,김동현,김민재,최우석,홍은진,홍준호,김선문,김서현,김서연",7.07
234,2018,35,834,협상,2018-09-19,17032133166,17032133166,1967721,1967721,919,57926,한국,"(주)제이케이필름,그리고픽처스,씨제이이앤엠(주)",씨제이이앤엠(주),15세이상관람가,범죄,이종석,"현빈,손예진,김상호,장영남,장광,조영진,이문식,이현,이동희,김준영,김지성,이주영,이지훈,이주환,안성봉,김희진,유관형,박수영,장민정,박영수,박지훈,정재호,정지상,정휘욱,김보민,김선희,김송이,김유진",7.36
235,2018,36,835,마약왕,2018-12-19,15784724552,15784724552,1813594,1813594,1297,41658,한국,(주)하이브미디어코프,(주)쇼박스,청소년관람불가,"범죄,드라마",우민호,"송강호,조정석,배두나,김소진,김대명,이희준,조우진,이성민,김홍파,김근영,강민석,강민수,김남우,김동환,김명희,김시원,김연주,김우진,김윤수,김정호,김주연,김주영,김주영,김준한,김준형,김지은,김형태,김혜진,김혜진,류대식,문상호,박미희,박선영,송원종,유승희,윤세현,이병희,이선민,이수정,이수현,이승진,이승찬,이시현,이영태,이영호,이은주,이재우,이재우,이주원,이지혜,이창훈,이현정,이호철,정재원,최준혁,한동희,한송희,한지혜",6.37
236,2018,37,836,쥬만지: 새로운 세계,2018-01-03,13814824864,13835919864,1708672,1711246,791,41806,미국,,소니픽쳐스엔터테인먼트코리아주식회사극장배급지점,12세이상관람가,"액션,어드벤처",제이크 캐스단,"드웨인 존슨,잭 블랙,케빈 하트,카렌 길런",7.9
237,2018,38,837,창궐,2018-10-25,13275772490,13275772490,1599290,1599290,1351,60687,한국,"리양필름(주),영화사 이창",(주)넥스트엔터테인먼트월드(NEW),15세이상관람가,"사극,액션",김성훈,"현빈,장동건,조우진,정만식,이선빈,김의성,조달환,박진우,서지혜,한지은,공정환,김태우,이승일,이동훈,이상준,이상훈,이승주,배정환,이우성,이우정,이유진,이재남,이정민,이정민,김주혁,서지은,이진용,이창훈,이형원,김지수,김태경,김태윤,김태희,김하진,나대한,윤석동,민경옥,박경관,박성빈,임용순,장현,장윤정,정선희,정선희,박종범,정수연,박지아,박지원,정재훈,박태민,김현욱,김현욱,강정진,조민아,최규리,최아영,김다연,김다연,김대현,최재영,한성희,한아름,한지혜,한지혜,편광진,황원일,김성태,김은진,김수지,김승환,김성준,김성규",5.08
238,2018,39,838,성난황소,2018-11-22,13236490737,13236490737,1593386,1593386,1010,48932,한국,"주식회사 플러스미디어엔터테인먼트,(주)비에이엔터테인먼트",(주)쇼박스,15세이상관람가,"범죄,액션",김민호,"마동석,송지효,김성오,김민재,박지환,이동진,이세영,박혜림,김재철,이연주,신수경,이창훈,김흥태,노성후,장혁진,박지훈,박진성,김산,김민재,김수진,김용빈",7.55
239,2018,40,839,도어락,2018-12-05,12792097886,12792097886,1559616,1559616,954,53732,한국,(주)영화사피어나,메가박스중앙(주)플러스엠,15세이상관람가,"스릴러,드라마",이권,"공효진,김예원,김성오,조복래,이가섭,이천희,김동규,김보경,김유정,김지한,김지현,배유리,백민준,이상희,이승창,장효석,한지은",6.07
240,2018,41,840,리틀 포레스트,2018-02-28,11929202185,11929202185,1506269,1506269,884,68414,한국,(주)영화사수박,메가박스중앙(주)플러스엠,전체관람가,드라마,임순례,"김태리,류준열,문소리,진기주,홍성덕,이광용,이상준,김재훈,이유진,김정은,김주은,이태영,김지윤,김현지,오수엽,박미현,박민지,박성준,임정희,박수현,박정희,박종찬,김혁,김호,강민지,김다정,김동혁,김명희,최원석,최혜림,김소정,김수현,김은영,김예슬",8.77
241,2018,42,841,골든슬럼버,2018-02-14,11412768798,11412768798,1387508,1387508,833,42991,한국,영화사 집,씨제이이앤엠(주),15세이상관람가,"범죄,드라마",노동석,"강동원,김의성,한효주,김성균,김대명,윤계상,이준혁,정소민,최우식,유재명,차순배,김시은,이강희,이경훈,이상원,박혜영,김재영,방한솔,이승민,이예림,김종호,손영진,신경철,이진구,이하늘,김지희,김지희,김진성,오기환,남은정,박다은,박서연,박성희,박시은,박은영,전한나,박정민,정신영,정연주,박지선,박지현,조영진,김건,최재호,최진호,최혜영,한대훈,황준혁,김소정,김수영,김우진,김유정,김시은,김승호",5.21
242,2018,43,842,램페이지,2018-04-12,11951980109,11951980109,1385511,1385511,909,55295,미국,,워너브러더스 코리아(주),12세이상관람가,액션,브래드 페이튼,"드웨인 존슨,제프리 딘 모건,나오미 해리스,말린 애커맨,조 맨가니엘로,말리 쉘튼",8.29
243,2018,44,843,궁합,2018-02-28,10478875438,10478875438,1340117,1340117,966,52427,한국,(주)주피터필름,씨제이이앤엠(주),12세이상관람가,"코미디,드라마",홍창표,"심은경,이승기,김상경,연우진,강민혁,최우식,조복래,최민호,박선영,이한서,윤송아,이선빈,이동희,이상진,이소현,이수연,이수연,이슬아,김정겸,배지혜,이영수,이정현,이주연,이지민,신혜경,김탁호,김태환,유다영,유다영,윤예원,윤유선,민성주,장지선,정민규,정인영,정재훈,김필수,강현우,조성환,최민호,김욱,최우진,최준호,김보경,김서현,안지호,김성훈,김상혁",6.44
244,2018,45,844,오션스8,2018-06-13,11700157266,11700157266,1335829,1335829,837,55372,미국,,워너브러더스 코리아(주),12세이상관람가,"액션,범죄",게리 로스,"산드라 블록,케이트 블란쳇,앤 해서웨이,민디 캘링,사라 폴슨,아콰피나,리한나,헬레나 본햄 카터",7.63
245,2018,46,845,사라진 밤,2018-03-07,10697981316,10697981316,1315726,1315726,925,60087,한국,"(주)싸이더스,(주)엠씨엠씨,(주)더블앤조이픽쳐스",씨네그루(주)키다리이엔티,15세이상관람가,스릴러,이창희,"김상경,김강우,김희애,서현우,이민지,이윤재,이지훈,김지영,최윤석",6.99
246,2018,47,846,스윙키즈,2018-12-19,10308565602,10308565602,1258811,1258811,984,32237,한국,(주)안나푸르나필름,(주)넥스트엔터테인먼트월드(NEW),12세이상관람가,드라마,강형철,"도경수,박혜수,자레드 그라임스,오정세,김민호,강성호,고창희,김건우,김동현,김민재,김수민,김시원,김유리,김은주,김종원,김지수,김지현,김지혜,김태윤,김태형,김하늘,나경진,박상필,박준수,신지훈,안희진,이동현,이상훈,이승철,이승훈,이승훈,이재석,이정현,이태영,장지훈,전민정,전재형,최민우",8.37
247,2018,48,847,바람 바람 바람,2018-04-05,9784385375,9784385375,1194229,1194229,985,57939,한국,(주)하이브미디어코프,(주)넥스트엔터테인먼트월드(NEW),청소년관람불가,코미디,이병헌,"이성민,신하균,송지효,이엘,장영남,고준,서성원,이주한,이지원,이혜수,김태강,유아름,유현종,정석원,김욱,김건,김기훈,강민지,김도연,김명준,황미영,김승원,김영현,김성우,강희수",8.25
248,2018,49,848,PMC: 더 벙커,2018-12-26,9704247367,9704247367,1179031,1179031,1081,26690,한국,(주)퍼펙트스톰필름,씨제이이앤엠(주),15세이상관람가,액션,김병우,"하정우,이선균,제니퍼 엘,이상원",5.22
249,2018,50,849,범블비,2018-12-25,9756083752,9756083752,1167150,1167150,1016,26260,미국,,롯데컬처웍스(주)롯데엔터테인먼트,12세이상관람가,"액션,어드벤처,SF",트래비스 나이트,"헤일리 스테인펠드,파멜라 애들론,존 시나,피터 쿨렌,케네스 최",8.08
250,2018,51,850,챔피언,2018-05-01,9471138230,9471138230,1128774,1128774,874,47320,한국,(주)코코너,워너브러더스 코리아(주),12세이상관람가,드라마,김용완,"마동석,권율,한예리,박성일,유지연,이규호,이동진,이수정,김정화,이혜민,김지연,김지환,김태현,오승환,유지연,박세준,전민지,전혜원,정승환,박지연,김건,김동현,김동현,김미미,홍지원,김재민,김수진,김수진",6.31
251,2018,52,851,퍼시픽 림: 업라이징,2018-03-21,8962712795,8962712795,1077235,1077235,1145,49600,미국,,유니버설픽쳐스인터내셔널 코리아(유),15세이상관람가,"액션,어드벤처,SF",스티븐 S. 드나이트,"존 보예가,스콧 이스트우드,케일리 스패니,아드리아 아르조나,번 고먼,찰리 데이,경첨,키쿠치 린코",6.7
252,2018,53,852,몬스터 호텔 3,2018-08-08,7934082800,7934082800,1072220,1072220,715,21247,미국,,소니픽쳐스엔터테인먼트코리아주식회사극장배급지점,전체관람가,"애니메이션,코미디,가족,판타지",젠디 타타코브스키,"아담 샌들러,셀레나 고메즈,앤디 샘버그,스티브 부세미,케빈 제임스,캐서린 한",8.59
253,2018,54,853,더 넌,2018-09-19,8777844795,8777844795,1011580,1011580,824,32736,미국,,워너브러더스 코리아(주),15세이상관람가,공포(호러),코린 하디,"타이사 파미가,데미안 비쉬어,보니 아론스,샬롯 호프",6.69
254,2018,55,854,스카이스크래퍼,2018-07-11,8612111718,8612111718,1002858,1002858,831,40862,미국,,유니버설픽쳐스인터내셔널 코리아(유),12세이상관람가,"액션,스릴러",로슨 마샬 터버,"드웨인 존슨,파블로 쉬레이버,니브 캠벨,바이런 만,친 한",7.65
255,2018,56,855,염력,2018-01-31,7484644112,7484644112,990104,990104,1099,45623,한국,(주)영화사레드피터,(주)넥스트엔터테인먼트월드(NEW),15세이상관람가,"드라마,코미디",연상호,"류승룡,심은경,박정민,김민재,정유미,이승용,예수정,이기환,이동근,김재원,백성욱,이재현,이정은,김주연,이지혜,이지훈,이현정,김흥태,나성식,박재규,조웅희,김기천,김기철,김기범,김대근,최영우,최지연,황영수",4.99
256,2018,57,856,월요일이 사라졌다,2018-02-22,7489885100,7489885100,903175,903175,381,24247,영국,,(주)스마일이엔티,15세이상관람가,"액션,어드벤처,범죄",토미 위르콜라,"누미 라파스,글렌 클로즈,윌렘 데포",8.32
257,2018,58,857,인랑,2018-07-25,7006622673,7006622673,898945,898945,1085,25427,한국,(주)루이스 픽쳐스,워너브러더스 코리아(주),15세이상관람가,"SF,액션",김지운,"강동원,한효주,정우성,김무열,최민호,한예리,신은수,허준호,문예원,김현준,이가경,박형수,전여빈,김기태,이동하,김재영,이승진,이시형,서영민,선호삼,이진한,이찬희,이확광,임서영,안성봉,양도현,김현창,박영서,박주희,정원종,조아라,김기범,최진호,허지원,김성호,김성호,김예은,김우진",3.86
258,2018,59,858,극장판 헬로카봇 : 백악기 시대,2018-08-01,6589532500,6589532500,879449,879449,758,16173,한국,(주)초이락컨텐츠팩토리,(주)넥스트엔터테인먼트월드(NEW),전체관람가,애니메이션,최신규,"이지현,김용준,양정화,홍범기,엄상현,사문영,위훈,민응식,신용우,안소이,한신,이현,김상백,임정길,김두용,이지현,한신",9.24
259,2018,60,859,레슬러,2018-05-09,6481379657,6481379657,771141,771141,957,43079,한국,(주)안나푸르나필름,롯데쇼핑㈜롯데엔터테인먼트,15세이상관람가,"드라마,코미디",김대웅,"유해진,이성경,나문희,성동일,진경,황우슬혜,김태훈,박규영,이한서,최유화,이예원,이배,이미경,배수현,이윤호,이주한,김진철,김태윤,김태훈,김희원,박성범,정혜경,김민재,김명희,한경미,김민혜",4.9
260,2018,61,860,상류사회,2018-08-29,6313416163,6313416163,768442,768442,867,41725,한국,(주)하이브미디어코프,롯데컬처웍스(주)롯데엔터테인먼트,청소년관람불가,드라마,변혁,"신현숙,박해일,수애,윤제문,라미란,이진욱,김규선,한주영,김강우,이강진,이수민,이수일,이수정,김정현,백승환,이정철,김준희,이현승,김지현,김근영,김진성,김진호,김태희,김현미,양정인,김형석,여상은,윤정희,문형수,임용순,박성훈,박아영,장혁진,정승준,박주희,정자영,박지원,정현석,조준희,김경민,김근영,김다솜,김다정,김대근,김동욱,김디나,최정윤,한지은,한희정,한희정,황지현,김미희,김선희,김시원,김성준,김건우",4.28
261,2018,62,861,물괴,2018-09-12,6106452954,6106452954,723622,723622,1183,46022,한국,(주)태원엔터테인먼트,"롯데컬처웍스(주)롯데엔터테인먼트,씨네그루(주)키다리이엔티",15세이상관람가,"액션,사극",허종호,"김명민,김인권,이혜리,최우식,박성웅,박희순,이경영,이강진,이규현,이기창,이동훈,이상철,이정훈,이정훈,김종윤,김주연,이찬유,김학충,김혜린,김호진,오진호,유병선,윤보현,박건우,박소은,정자영,박하현,강성훈,강태영,정효경,조원희,최윤지,최윤지,최재욱,김성수,김용호,김영철",4.85
262,2018,63,862,미쓰백,2018-10-11,6040344066,6040344066,722182,722182,671,41961,한국,영화사 배,(주)리틀빅픽쳐스,15세이상관람가,드라마,이지원,"한지민,김시아,이희준,권소현,백수장,장영남,김선영,이주영,이정은,전석호,조민준,윤송아,이승민,신수정,이지원,김지혜,김지희,박지선,강가미,김미선,김민기,한용환,김보민,김선영",9.1
263,2018,64,863,신비아파트: 금빛 도깨비와 비밀의 동굴,2018-07-25,5001247250,5001247250,678091,678091,762,16175,한국,"씨제이이앤엠(주),(주)칵테일 미디어",씨제이이앤엠(주),전체관람가,"애니메이션,판타지,어드벤처",김병갑,"조현정,김영은,김채하,신용우,여민정,심규혁,이상호,이소은,정유정,김율,최재호,최재호",8.73
264,2018,65,864,퍼스트맨,2018-10-18,6094765639,6094765639,665364,665364,1190,40580,미국,,유니버설픽쳐스인터내셔널 코리아(유),12세이상관람가,"SF,드라마",데이미언 셔젤,"라이언 고슬링,클레어 포이,제이슨 클락,카일 챈들러,패트릭 후짓,시아란 힌즈,에단 엠브리,쉐어 위햄,코리 스톨,파블로 쉬레이버",6.96
265,2018,66,865,스파이더맨: 뉴 유니버스,2018-12-12,5305289076,5305289076,639934,639934,722,22113,미국,,소니픽쳐스엔터테인먼트코리아주식회사극장배급지점,12세이상관람가,"애니메이션,액션,가족","밥 퍼시케티,피터 램지,로드니 로스맨","샤메익 무어,헤일리 스테인펠드,니콜라스 케이지,제이크 존슨,리브 슈라이버,마허샬라 알리",9.22
266,2018,67,866,위대한 쇼맨,2017-12-20,4856890300,11513917500,588434,1403019,444,16054,미국,,이십세기폭스코리아(주),12세이상관람가,"드라마,뮤지컬",마이클 그레이시,"휴 잭맨,잭 에프런,미쉘 윌리엄스,레베카 퍼거슨,젠다야 콜맨",9.38
267,2018,68,867,인시디어스4: 라스트 키,2018-01-31,4301309864,4301309864,554521,554521,769,23869,미국,,소니픽쳐스엔터테인먼트코리아주식회사극장배급지점,15세이상관람가,"공포(호러),미스터리,스릴러",애덤 로비텔,"스펜서 로크,린 샤예,조시 스튜어트,하비에르 보텟",6.84
268,2018,69,868,"그날, 바다",2018-04-12,4446000528,4446000528,540631,540631,643,30376,한국,프로젝트 부,(주)엣나인필름,15세이상관람가,다큐멘터리,"김지영,김지영","정우성,이주용,김지영,장동원,박종대,김도연,김도영,김어준,김지영",8.96
269,2018,70,869,툼레이더,2018-03-08,4500905762,4500905762,540410,540410,806,31823,미국,,워너브러더스 코리아(주),12세이상관람가,"액션,어드벤처",로아 우타우,"알리시아 비칸데르,크리스틴 스콧 토마스,월튼 고긴스,도미닉 웨스트,오언조",6.47
270,2018,71,870,페르디난드,2018-01-03,3854216500,3866466500,533776,535434,698,13789,미국,,이십세기폭스코리아(주),전체관람가,"애니메이션,어드벤처,코미디",카를로스 살다나,"존 시나,케이트 맥키넌,데이비드 테넌트,바비 카나베일,미구엘 앙겔 실베스트르,지나 로드리게즈",8.88
272,2018,73,872,7년의 밤,2018-03-28,3969337524,3969337524,528007,528007,872,26804,한국,"(주)바른손,씨제이이앤엠(주)",씨제이이앤엠(주),15세이상관람가,"스릴러,드라마",추창민,"류승룡,장동건,송새벽,고경표,이레,탕준상,이상희,문정희,서현우,이동민,이동훈,이동희,이상민,이상영,이성훈,김재철,이정현,김주하,이호준,김효인,박노찬,장승화,박정숙,박정주,최대룡,김현,김은경,김원진,김병석",4.8
273,2018,74,873,메가로돈,2018-08-15,4516122497,4516122497,527962,527962,601,16459,미국,,워너브러더스 코리아(주),12세이상관람가,"액션,공포(호러),SF",존 터틀타웁,"제이슨 스타뎀,리빙빙",5.88
274,2018,75,874,콰이어트 플레이스,2018-04-12,4580889849,4580889849,526073,526073,677,30760,미국,,롯데쇼핑㈜롯데엔터테인먼트,15세이상관람가,"공포(호러),스릴러,드라마",존 크랜신스키,"에밀리 블런트,존 크랜신스키,노아 주프,밀리센트 시몬스",7.76
275,2018,76,875,호두까기 인형과 4개의 왕국,2018-12-06,4120048900,4120048900,513767,513767,294,14238,미국,,월트디즈니컴퍼니코리아 유한책임회사,전체관람가,"판타지,드라마","라세 할스트롬,조 존스톤","키이라 나이틀리,매켄지 포이,헬렌 미렌,모건 프리먼,매튜 맥퍼딘",7.2
276,2018,77,876,셰이프 오브 워터: 사랑의 모양,2018-02-22,4218077050,4218077050,507102,507102,404,20200,미국,,이십세기폭스코리아(주),청소년관람불가,"어드벤처,판타지",기예르모 델 토로,"샐리 호킨스,마이클 섀넌,리차드 젠킨스,더그 존스,마이클 스털버그,옥타비아 스펜서",8.36
277,2018,78,877,곰돌이 푸 다시 만나 행복해,2018-10-03,4093369860,4093369860,492201,492201,536,21601,미국,,월트디즈니컴퍼니코리아 유한책임회사,전체관람가,어드벤처,마크 포스터,"이완 맥그리거,헤일리 앳웰,마크 게티스,짐 커밍스,크리스 오다우드,소피 오코네드",8.96
278,2018,79,878,변산,2018-07-04,4016562273,4016562273,490519,490519,763,27504,한국,변산문화산업전문(유),메가박스중앙(주)플러스엠,15세이상관람가,드라마,이준익,"박정민,김고은,장항선,고준,신현빈,정규수,김준한,배제기,최정헌,한별,김형주,차순배,신문성,이세랑,이고은,이민섭,이성호,방준석,이승훈,김정현,이재성,이정현,김지성,이현정,이혜원,김진표,김형주,김희주,박수연,박지선,강현구,고유,정호연,차신혜,김민식,최정현,김세겸,김수정",7.66
279,2018,80,879,그린치,2018-12-19,3675441950,3675441950,485064,485064,724,10998,미국,,유니버설픽쳐스인터내셔널 코리아(유),전체관람가,"애니메이션,코미디",스콧 모시어,베네딕트 컴버배치,8.33
280,2018,81,880,스타 이즈 본,2018-10-09,4197504400,4197504400,483852,483852,555,25781,미국,,워너브러더스 코리아(주),15세이상관람가,"드라마,멜로/로맨스",브래들리 쿠퍼,"브래들리 쿠퍼,레이디 가가,샘 엘리엇,그렉 그룬버그",9.15
281,2018,82,881,동네사람들,2018-11-07,3818515112,3818515112,461693,461693,731,23598,한국,(주)데이드림,(주)리틀빅픽쳐스,15세이상관람가,"액션,스릴러",임진순,"마동석,김새론,이상엽,진선규,장광,신세휘,오희준,배진아,이광기,이상훈,이태규,김지은,안성일,양기원,강민준,김다영,김대현,김동환,최정현,최혜진,김새벽,김송이,김수영",5.41
282,2018,83,882,원더풀 고스트,2018-09-26,3720931600,3720931600,450374,450374,351,13999,한국,(주)데이드림엔터테인먼트,"(주)제이앤씨미디어그룹,TCO(주)더콘텐츠온",12세이상관람가,"코미디,드라마,범죄",조원희,"마동석,김영광,이유영,이서진,김정수,이승창,이영석,서정훈,서준호,이태규,김지은,김지은,류성철,윤성민,박근수,정재헌,김동준,최유리,김민석,김선문,김선웅,김영환,김선경",6.65
283,2018,84,883,강철비,2017-12-14,3494678900,35489576466,438447,4452740,602,13598,한국,"(주)와이웍스엔터테인먼트,(주)모팩",(주)넥스트엔터테인먼트월드(NEW),15세이상관람가,"액션,드라마",양우석,"정우성,곽도원,김갑수,김의성,이경영,조우진,정원중,김명곤,박은혜,김지호,안미나,원진아,정유나,이상민,이정호,정환,한승헌,박민희",8.34
284,2018,85,884,흥부: 글로 세상을 바꾼 자,2018-02-14,3381050200,3381050200,416303,416303,627,18671,한국,"(주)영화사 궁,(주)발렌타인필름",롯데쇼핑㈜롯데엔터테인먼트,12세이상관람가,사극,조근현,"김규백,정우,김주혁,정진영,김원해,정상훈,정해인,곽동연,천우희,진구,지웅배,김태준,김현목,이은,이상영,이상영,이소라,이승원,이예진,이용출,이유진,이재석,이재윤,이정민,김정훈,손종민,송은지,이진경,이진경,이태영,김지호,김태준,김하은,김현민,김현서,김현정,김혜림,염재민,유병선,윤석진,박가영,박윤호,전현우,박정수,박정우,정연수,박지영,박지혜,정지우,김호경,강동우,최동욱,권유진,김명준,최유리,최정은,최진우,최은지,홍진기,김민석,김성현,김수혁,김원진,김아영,김선권,김정현",4.43
285,2018,86,885,명탐정 코난 : 제로의 집행인,2018-08-08,3014920361,3014920361,396230,396230,542,8770,일본,,씨제이이앤엠(주),12세이상관람가,애니메이션,타치카와 유즈루,"타카야마 미나미,야마자키 와카나,코야마 리키야,푸루야 토루",9.08
286,2018,87,886,피터 래빗,2018-05-16,3006258100,3006258100,388300,388300,599,12522,미국,,소니픽쳐스엔터테인먼트코리아주식회사극장배급지점,전체관람가,"애니메이션,가족",윌 글럭,"도널 글리슨,로즈 번,샘 닐",8.82
287,2018,88,887,점박이 한반도의 공룡2 : 새로운 낙원,2018-12-25,2941541400,2941541400,375312,375312,672,6495,한국,(주)드림써치C&C,(주)넥스트엔터테인먼트월드(NEW),전체관람가,애니메이션,한상호,"박희순,라미란,김성균,김경진,김재훈,김흥래,윤정화,이민규,이준호,이호준,최윤정",9.15
288,2018,89,888,패딩턴 2,2018-02-08,2555480200,2555480200,339014,339014,629,14455,프랑스,,(주)이수C&E,전체관람가,"코미디,드라마",폴 킹,"벤 위쇼,휴 그랜트,브렌단 글리슨,샐리 호킨스",9.09
289,2018,90,889,허스토리,2018-06-27,2521025949,2521025949,336822,336822,696,20406,한국,(주)수필름,(주)넥스트엔터테인먼트월드(NEW),12세이상관람가,드라마,민규동,"김희애,김해숙,예수정,문숙,이용녀,김선영,김준한,이유영,안세하,손강국,윤효진,이선민,이승연,손승훈,이현동,이형석,임서영,안진영,김혜림,오진호,민주홍,박수진,박용수,정미경,박정헌,박정헌,정은택,박진수,김명희,하성영,김선영,김성환,김시영,김시영",9.27
290,2018,91,890,미드나잇 선,2018-06-21,2679300500,2679300500,326086,326086,472,14847,미국,,씨네그루(주)키다리이엔티,12세이상관람가,멜로/로맨스,스콧 스피어,"벨라 손,패트릭 슈왈제네거,롭 리글,퀸 쉐퍼드,니콜라스 쿰베",8.78
291,2018,92,891,덕구,2018-04-05,2389041700,2389041700,315663,315663,544,19006,한국,"(주)영화사두둥,(주)곰픽쳐스",메가박스중앙(주)플러스엠,전체관람가,드라마,방수인,"이순재,정지훈,장광,성병숙,차순배,박지윤,윤송아,이현,이도현,김현우,박민정,박윤호,정재훈,김보연,김수민",9.42
292,2018,93,892,번 더 스테이지: 더 무비,2018-11-15,2671391900,2671391900,315010,315010,243,4714,한국,"빅히트 엔터테인먼트,(주)캠프엔터테인먼트",월트디즈니컴퍼니코리아 유한책임회사,전체관람가,기타,박준수,"김남준,김석진,민윤기,정호석,박지민,김태형,전정국,방시혁,윤석준",9.32
293,2018,94,893,트루스 오어 데어,2018-05-22,2647330400,2647330400,310956,310956,530,17066,미국,,유니버설픽쳐스인터내셔널 코리아(유),15세이상관람가,"공포(호러),스릴러",제프 와드로,"루시 헤일,타일러 포시,바이올렛 빈,놀런 제라드 펑크,헤이든 제토,브래디 스미스,샘 러너",7.16
294,2018,95,894,커뮤터,2018-01-24,2286690955,2286690955,286062,286062,575,16145,영국,,메가박스중앙(주)플러스엠,15세이상관람가,액션,자움 콜렛 세라,"리암 니슨,베라 파미가,패트릭 윌슨,샘 닐",8.11
296,2018,97,896,극장판 짱구는 못말려: 아뵤! 쿵후 보이즈 ~라면 대란~,2018-12-19,2148708050,2148708050,277206,277206,489,5329,일본,,씨제이이앤엠(주),전체관람가,애니메이션,타카하시 와타루,"박영남,강희선,김환진,여민정,정유미,정혜옥,이용신,한채언,윤여진,홍범기,정혜원,박리나,김율,이호산,김현심",8.31
297,2018,98,897,해리포터와 마법사의 돌,2001-12-13,2349913000,2349913000,267950,267950,33,3929,미국,,워너브러더스 코리아(주),전체관람가,"가족,판타지",크리스 콜럼버스,"다니엘 래드클리프,엠마 왓슨,루퍼트 그린트",9.22
298,2018,99,898,모털 엔진,2018-12-05,2324362119,2324362119,267896,267896,661,15454,미국,,유니버설픽쳐스인터내셔널 코리아(유),12세이상관람가,"액션,어드벤처,SF",크리스찬 리버스,"헤라 힐마,로버트 시한,휴고 위빙,지혜,스티븐 랭",6.17
299,2018,100,899,바울,2018-10-31,2100137400,2100137400,267785,267785,227,8455,미국,,(재)CBS,15세이상관람가,드라마,앤드류 하얏트,"제임스 폴크너,제임스 카비젤",9.18
